,assists,blocked,evenTimeOnIce_s,faceOffWins,faceoffTaken,giveaways,goals,hits,penaltyMinutes_s,plusMinus,powerPlayAssists,powerPlayGoals,powerPlayTimeOnIce_s,shortHandedAssists,shortHandedGoals,shortHandedTimeOnIce_s,shots,takeaways,timeOnIce_s,games_played
8475153,9,55,36430,0,0,15,3,116,480,-3,1,0,491,0,0,3832,60,18,40753,44.0
8475179,11,92,85024,0,0,47,8,125,3960,-26,3,2,11619,0,1,8786,127,29,105429,81.0
8474625,7,19,32104,11,30,5,11,115,1080,-5,1,3,4074,0,0,14,72,14,36192,55.0
8470039,20,11,64647,5,18,26,8,59,1320,-18,5,2,12437,1,0,5095,188,30,82179,80.0
8474498,9,21,32689,63,130,9,9,65,2280,-2,0,1,1087,0,0,5964,100,9,39740,52.0
8470105,22,25,59791,32,71,15,15,134,4380,1,5,1,7194,0,1,5619,161,35,72604,76.0
8470176,13,18,51372,2,4,16,16,111,2400,-16,1,3,8665,0,0,1364,190,27,61401,62.0
8467428,4,6,19645,1,1,2,0,64,5940,-10,0,0,38,0,0,42,19,4,19725,55.0
8467351,10,16,32408,239,515,15,2,16,1440,-11,2,0,3739,0,0,97,56,20,36244,46.0
8468504,15,35,66773,37,69,29,21,46,1680,-6,1,2,11563,0,1,1430,176,38,79766,78.0
8475760,22,23,62611,549,1123,28,16,117,960,-14,3,0,9768,1,1,1580,185,37,73959,76.0
8475769,2,11,11304,2,8,0,4,32,600,0,0,0,52,0,1,1814,23,9,13170,16.0
8475790,6,91,59202,0,0,19,3,158,6840,-7,1,0,3349,0,0,7575,92,14,70126,65.0
8474606,2,19,15210,0,0,4,0,17,360,-4,0,0,427,1,0,2193,15,4,17830,16.0
8466285,30,108,103868,0,1,45,7,50,1200,-6,10,2,19183,2,0,9581,116,43,132632,82.0
8460492,4,42,27959,0,0,12,1,34,2340,-6,1,0,3635,1,0,4303,44,8,35897,37.0
8476389,3,11,16858,166,348,8,5,39,360,-11,0,1,3067,0,1,2739,38,13,22664,20.0
8475204,12,15,33807,204,454,7,13,24,480,6,3,3,4343,0,0,0,80,16,38150,49.0
8468114,2,115,36532,0,0,17,0,144,2520,-12,0,0,25,0,0,9081,26,5,45638,53.0
8475848,22,36,65344,47,128,22,19,38,4380,4,1,8,11853,0,0,390,211,41,77587,81.0
8468095,1,5,5904,0,0,2,0,14,5100,-6,0,0,102,0,0,0,4,0,6006,22.0
8471504,7,15,48909,4,8,9,9,90,1920,-1,1,3,4535,0,0,169,118,13,53613,63.0
8470598,41,17,71876,20,46,50,27,30,2760,7,10,8,18534,0,0,153,248,31,90563,78.0
8467407,22,52,72012,23,60,21,18,46,1320,1,5,2,6917,1,0,7802,184,38,86731,81.0
8476851,18,25,48125,5,15,23,13,49,1560,-12,7,3,7940,0,0,76,110,30,56141,65.0
8468478,12,128,66658,1,1,23,1,121,1860,0,0,0,461,0,0,12724,53,15,79843,72.0
8464975,12,11,45923,171,350,17,13,23,1800,1,2,4,6872,0,0,66,118,22,52861,69.0
8475739,7,42,33877,28,61,10,7,67,1080,-6,2,1,941,0,0,2329,78,15,37147,60.0
8471976,36,35,68159,611,1202,22,16,23,1440,11,12,3,12749,0,0,625,96,34,81533,79.0
8473466,4,37,24496,197,388,7,2,88,3000,-8,0,0,177,0,0,5556,51,10,30229,52.0
8465914,4,70,49674,0,0,27,2,80,2040,-5,1,0,3942,0,0,1567,34,7,55183,52.0
8474157,21,33,63152,6,10,18,39,69,2100,8,7,10,13222,0,1,4618,270,28,80992,73.0
8471296,14,127,59949,0,0,44,3,189,3540,-1,2,1,2089,0,0,6129,58,7,68167,59.0
8474056,43,125,94874,0,0,83,10,135,4860,-4,19,4,22936,0,0,3302,204,26,121112,82.0
8467496,36,180,89190,0,0,82,7,49,2040,12,19,2,21313,0,1,12157,131,35,122660,81.0
8474189,14,58,62116,521,979,25,12,130,4080,-15,1,2,5122,1,1,6504,137,30,73742,77.0
8474218,29,107,72652,0,0,69,5,69,1800,14,8,1,8663,1,0,6378,105,40,87693,75.0
8467331,8,114,62341,0,0,29,3,122,2100,4,0,0,377,0,0,7416,64,13,70134,61.0
8470794,38,68,72526,675,1206,57,41,47,1920,23,15,16,17298,1,1,7839,225,56,97663,82.0
8467899,10,14,36833,0,4,34,12,9,600,14,1,1,5136,0,0,436,72,15,42405,48.0
8471956,14,43,47979,371,675,26,3,103,5160,-8,0,0,298,0,0,5880,95,37,54157,81.0
8466139,37,29,75087,163,308,65,33,85,1080,0,12,11,17778,0,2,8103,285,50,100968,82.0
8473536,16,34,47697,105,233,15,4,105,2100,3,1,0,1047,0,0,181,84,31,48925,67.0
8471371,3,15,23753,2,3,4,2,146,5640,-9,0,0,186,0,0,89,45,8,24028,56.0
8466138,65,34,73360,617,1099,96,11,54,1920,20,17,2,18096,1,0,1685,122,76,93141,82.0
8467096,24,92,78199,0,0,59,12,46,1920,-8,12,6,16379,0,0,1194,154,26,95772,75.0
8466158,9,73,52931,0,0,23,3,29,3300,1,0,0,496,1,0,6284,52,13,59711,56.0
8470063,0,9,7523,39,75,1,0,23,360,-4,0,0,123,0,0,1012,9,2,8658,15.0
8471996,2,16,17702,30,71,4,3,45,360,-2,0,1,1226,0,0,861,37,4,19789,25.0
8473562,1,17,21031,71,133,9,1,25,240,-11,0,0,266,0,0,2586,49,9,23883,36.0
8471709,19,150,86600,0,0,35,5,51,2280,31,1,0,3409,1,1,10664,138,18,100673,81.0
8474739,22,58,62917,20,56,44,16,218,2100,11,5,0,5663,1,2,5857,163,26,74437,77.0
8474027,13,146,87398,0,0,39,4,77,1200,19,0,1,5054,0,0,10799,121,40,103251,82.0
8470613,26,24,60207,61,131,37,22,145,2040,26,9,2,9171,0,0,230,245,45,69608,69.0
8471348,13,72,61610,0,0,21,2,84,1200,9,0,0,3210,0,0,2954,95,13,67774,66.0
8471677,28,128,91001,0,1,40,5,182,2880,-7,14,4,15793,0,0,14629,147,17,121423,82.0
8470596,14,14,28581,1,1,11,4,53,1440,-3,2,2,4684,0,0,124,48,12,33389,35.0
8474685,15,29,43688,3,9,19,9,111,3180,-1,2,2,5199,0,0,5218,90,20,54105,56.0
8474715,19,38,63467,0,0,20,21,55,1080,-4,5,4,10529,0,1,844,216,29,74840,79.0
8471273,34,39,63938,586,1107,20,16,234,5880,5,6,4,11865,2,2,9814,189,33,85617,76.0
8469469,16,36,57751,25,40,26,18,113,1560,-3,4,8,9112,1,1,4955,136,31,71818,74.0
8475793,30,39,70318,692,1311,40,33,114,2580,3,13,7,12979,0,0,3524,237,39,86821,82.0
8470222,44,73,76385,0,0,38,7,101,3660,0,25,3,16426,0,0,8987,166,18,101798,75.0
8468001,9,32,39677,256,497,16,9,241,2820,0,0,0,405,1,2,7912,70,24,47994,71.0
8474130,9,28,27916,0,1,4,2,112,2220,3,0,0,237,0,0,280,35,9,28433,53.0
8476850,17,97,63649,0,0,26,4,26,600,4,4,3,8161,1,0,6878,62,12,78688,66.0
8476432,13,37,56763,14,30,26,16,212,2700,6,3,4,3981,0,0,79,127,28,60823,72.0
8473573,17,55,60621,476,965,19,22,31,1200,-2,3,3,9860,0,2,10177,162,51,80658,81.0
8469492,22,89,70550,0,0,24,4,91,2640,6,8,1,6645,2,0,11446,87,16,88641,69.0
8473914,22,25,55003,374,730,13,12,63,1200,1,6,5,6062,2,1,11211,122,27,72276,82.0
8475233,10,81,66783,1,1,9,5,149,1680,2,3,1,2451,0,0,5647,63,12,74881,70.0
8473422,21,42,59280,6,13,22,18,210,5760,5,3,3,7306,0,0,859,111,43,67445,70.0
8471735,45,105,96182,0,0,65,8,22,3780,-23,28,3,21616,0,0,1001,241,31,118799,82.0
8469760,8,165,63740,0,0,23,2,55,1440,6,0,0,185,0,0,10337,78,27,74262,59.0
8476473,7,38,29057,0,0,13,1,44,600,5,0,0,35,0,0,3273,30,13,32365,30.0
8468064,26,25,52540,97,213,14,3,75,1680,5,4,0,4933,0,0,4152,53,16,61625,70.0
8470713,6,4,11108,1,3,3,2,51,3180,6,0,0,0,0,0,0,25,6,11108,39.0
8467831,7,33,34163,296,562,4,5,65,1440,-8,0,0,172,0,0,8250,45,13,42585,69.0
8468085,31,27,70800,17,43,20,20,68,1320,-6,11,10,13442,0,0,1951,263,41,86193,80.0
8469664,14,49,57050,21,51,16,8,120,1080,-1,2,0,2176,0,0,10227,151,32,69453,79.0
8462038,24,22,66357,6,12,20,23,135,2040,-7,9,10,11901,0,0,158,167,48,78416,69.0
8475171,29,80,90924,0,1,36,15,134,3000,-4,14,8,19646,0,0,13727,199,26,124297,80.0
8471231,15,9,46267,176,331,12,5,116,2700,3,0,0,141,0,0,239,46,30,46647,80.0
8471232,16,38,50846,5,17,13,9,136,1440,-7,1,1,3100,3,0,7790,109,19,61736,64.0
8475759,0,8,4121,0,0,1,0,5,120,4,0,0,99,0,0,143,4,1,4363,5.0
8473970,9,7,47833,1,6,13,11,168,1140,6,0,1,275,0,0,1000,103,14,49108,72.0
8468535,21,71,71570,1005,1783,22,24,90,2640,0,6,7,11981,0,3,10970,160,42,94521,82.0
8464966,12,104,64792,0,0,23,5,99,2460,-2,1,0,2069,0,0,6655,82,21,73516,63.0
8467371,31,18,69797,391,903,46,16,72,3120,-13,11,4,15835,0,0,739,110,24,86371,80.0
8474571,32,16,73638,3,7,18,19,105,1200,-9,11,5,10839,0,0,1208,166,33,85685,82.0
8467423,13,29,48401,209,417,17,7,63,3120,1,0,4,5599,0,1,5406,68,34,59406,77.0
8474138,2,5,18560,55,115,5,2,6,120,-4,0,0,671,0,0,294,30,9,19525,34.0
8475163,22,21,53082,64,132,26,13,76,2280,-21,7,6,15921,0,0,2638,144,27,71641,79.0
8476116,15,47,52203,4,10,21,17,141,6360,10,0,0,439,0,2,6148,165,42,58790,75.0
8474535,0,4,4874,29,54,1,0,11,0,-2,0,0,20,0,0,100,8,1,4994,9.0
8475236,19,58,66608,585,1223,33,16,91,2160,-9,3,3,9963,0,1,7660,161,57,84231,81.0
8474849,15,49,55961,19,44,24,14,146,12540,-1,0,0,695,2,0,8143,113,24,64799,81.0
8474098,4,16,19637,17,43,13,8,19,240,-3,0,2,3000,0,0,576,69,7,23213,26.0
8475246,7,29,31228,0,0,22,1,43,960,-6,2,0,1456,0,0,430,56,9,33114,36.0
8474818,17,122,78792,1,1,39,3,118,1800,16,1,1,2825,1,0,8030,91,27,89647,78.0
8470310,1,38,18072,0,0,12,0,20,660,-6,0,0,76,0,0,1484,15,2,19632,25.0
8471274,36,154,90063,0,1,88,6,94,1680,9,12,3,16077,0,0,12023,141,18,118163,81.0
8475747,0,11,6249,0,0,5,0,16,360,-3,0,0,0,0,0,359,3,1,6608,8.0
8469759,17,52,50388,513,982,24,6,45,2220,3,1,0,1066,2,0,9122,109,21,60576,76.0
8477501,20,27,64648,0,1,59,14,86,480,20,1,2,6253,0,0,54,128,25,70955,79.0
8458951,20,81,67897,0,0,33,2,71,1200,-12,13,1,11300,0,0,1105,89,10,80302,76.0
8467396,13,21,56882,19,41,34,16,89,1200,-17,4,3,10974,0,0,368,139,31,68224,75.0
8475794,47,24,74551,281,677,60,37,48,1080,16,14,11,18063,0,0,255,294,67,92869,80.0
8469598,20,130,84897,1,1,55,4,144,6240,-8,7,1,8916,0,0,10037,167,32,103850,76.0
8474520,26,128,81063,0,0,44,7,58,3420,-5,11,4,13268,2,1,7227,181,30,101558,81.0
8474134,4,37,29717,0,0,9,6,39,960,-7,2,3,4612,0,0,704,70,9,35033,49.0
8471266,10,17,51170,13,23,16,9,121,1080,1,1,0,1974,0,0,212,117,23,53356,66.0
8475178,15,6,53510,6,21,25,14,91,7440,-4,0,1,3092,0,0,27,91,19,56629,73.0
8470358,10,33,40050,23,55,13,5,84,4260,-9,4,2,6858,1,0,5477,104,24,52385,49.0
8470755,12,52,55687,533,966,20,11,63,2340,1,0,1,606,1,2,8975,85,27,65268,73.0
8470616,18,68,74462,740,1406,28,25,133,4860,-15,7,9,16127,0,1,10198,239,47,100787,77.0
8475598,15,81,54278,1,1,21,1,97,1920,5,0,0,271,0,0,1945,65,20,56494,64.0
8474610,3,9,22638,106,231,2,4,36,360,-7,0,1,806,0,0,85,52,4,23529,55.0
8467875,31,21,70509,8,27,27,16,37,2280,0,13,5,15641,0,0,4102,224,32,90252,73.0
8471303,15,136,68925,2,3,34,7,112,3000,-39,8,4,10791,0,0,8307,178,28,88023,63.0
8476302,0,17,10581,0,0,3,1,9,240,-2,0,0,491,0,0,236,20,1,11308,15.0
8473574,11,29,50553,183,433,15,12,93,1560,-3,0,0,1663,0,0,7909,127,33,60125,77.0
8473542,4,12,29339,3,11,7,5,121,12780,-14,0,1,493,0,0,0,31,8,29832,77.0
8467876,39,19,68144,574,1097,36,11,43,2520,3,14,4,14536,0,0,4144,97,22,86824,70.0
8477816,1,0,1386,0,0,0,0,0,0,2,1,0,69,0,0,0,2,1,1455,2.0
8476482,3,6,14100,0,1,7,3,7,600,-1,1,0,1785,0,0,66,30,8,15951,17.0
8471729,22,201,78683,0,0,39,7,42,900,-11,8,4,12059,1,0,3647,109,25,94389,68.0
8470966,33,103,73527,0,0,43,14,73,3780,12,13,7,13201,3,0,10170,180,39,96898,64.0
8474577,18,33,60449,214,441,38,10,129,2040,-17,3,1,6772,0,0,1259,80,30,68480,80.0
8473908,3,10,18641,1,5,12,4,45,4080,-4,0,0,60,0,0,0,31,8,18701,48.0
8467977,4,23,30298,2,3,10,4,82,6000,-4,0,0,278,0,0,54,79,14,30630,76.0
8474642,10,87,48478,22,85,15,5,181,2460,-4,0,0,1071,0,1,9451,82,20,59000,78.0
8470162,19,36,60361,527,1096,40,14,74,2520,-13,1,0,1417,2,1,7677,70,49,69455,63.0
8471185,12,27,33476,14,41,22,12,59,720,-11,5,3,5781,0,0,909,77,19,40166,38.0
8477497,12,23,61331,476,1036,31,22,42,480,-20,4,3,9442,0,0,1128,140,26,71901,75.0
8470201,37,15,70495,4,22,39,17,35,960,4,11,2,14007,0,0,300,109,29,84802,75.0
8474038,14,10,34960,7,32,13,7,63,1620,6,1,2,2046,3,1,3723,46,29,40729,47.0
8474001,13,43,49669,62,155,16,4,77,1260,-13,0,0,615,1,1,4067,100,23,54351,62.0
8476827,3,9,6602,0,0,2,0,0,0,-3,0,0,723,0,0,0,3,2,7325,10.0
8474837,0,4,2543,0,0,3,0,10,0,-4,0,0,44,0,0,0,6,0,2587,4.0
8475648,2,7,4828,0,0,5,0,3,300,1,0,0,0,0,0,240,4,0,5068,9.0
8471761,14,211,84775,0,0,64,2,68,2340,-23,0,0,1686,1,0,13247,83,14,99708,82.0
8475833,0,0,815,5,9,0,0,1,0,-1,0,0,0,0,0,0,0,0,815,1.0
8476346,0,0,820,0,0,0,1,0,0,1,0,0,91,0,0,0,1,1,911,1.0
8475764,30,122,74696,0,0,36,6,46,840,15,11,4,14232,0,1,11296,100,24,100224,70.0
8474579,5,38,28169,0,0,10,1,83,2580,0,0,0,428,0,0,2105,30,7,30702,30.0
8473933,13,150,80514,0,0,32,5,215,2340,21,1,0,969,0,0,9295,107,17,90778,78.0
8471699,21,36,66816,11,27,31,21,94,1560,13,0,0,1082,2,3,7836,157,22,75734,82.0
8457981,18,8,44954,46,106,31,9,15,720,8,4,4,9223,0,0,68,111,16,54245,64.0
8459442,18,30,49965,538,1067,34,11,29,2760,3,0,0,2598,3,1,6126,81,25,58689,65.0
8474009,27,68,53925,583,1194,35,22,28,1320,14,13,7,13235,0,0,7821,159,37,74981,77.0
8462196,5,49,38935,0,0,11,5,96,1200,10,0,1,1833,0,0,5229,56,4,45997,38.0
8475151,17,31,45337,9,23,17,14,96,2280,9,0,0,5535,0,0,2,147,14,50874,71.0
8473618,25,15,48329,437,830,19,18,73,2160,13,5,4,8970,0,0,113,120,19,57412,69.0
8475164,13,20,37091,1,12,9,10,31,720,2,0,1,4161,0,2,3249,119,17,44501,52.0
8471476,24,62,58141,85,196,30,6,61,1380,6,0,0,546,2,2,11488,115,34,70175,76.0
8473492,15,24,35448,8,18,13,9,132,3840,8,4,0,4123,1,0,1464,112,14,41035,55.0
8475222,15,47,42758,0,0,22,6,66,1320,9,5,2,6939,0,0,563,73,15,50260,48.0
8476854,24,61,79248,0,1,45,6,54,2160,29,3,1,9792,0,0,1900,116,22,90940,78.0
8474034,18,16,39331,7,15,15,11,124,6060,11,3,1,6417,0,0,56,93,15,45804,62.0
8476483,4,4,12160,95,194,4,0,21,120,-3,0,0,363,0,0,135,22,5,12658,18.0
8475758,8,13,13402,0,4,7,2,50,120,5,0,0,769,0,0,242,23,2,14413,19.0
8474207,15,57,49881,0,0,22,10,118,1320,12,5,2,5608,1,0,5044,66,10,60533,54.0
8470317,8,128,58813,0,0,24,1,119,2760,3,0,0,223,0,0,11460,52,12,70496,68.0
8473446,30,130,92904,0,0,42,9,136,3660,5,12,2,12701,0,0,4828,157,49,110433,80.0
8470699,11,144,90238,0,0,31,6,170,2400,8,0,0,565,0,0,13681,75,22,104484,78.0
8473465,19,35,64984,1,2,17,19,140,1800,-3,4,5,8328,0,0,1479,167,36,74791,79.0
8469707,19,16,47400,2,14,21,14,35,1800,3,2,1,8429,0,0,107,110,21,55936,55.0
8471718,6,42,36350,331,719,4,1,25,1020,-11,0,0,279,1,0,11543,69,34,48172,76.0
8470171,19,46,64539,100,225,20,8,116,2700,5,1,0,690,0,1,13303,124,37,78532,81.0
8471669,35,46,65636,655,1210,20,25,54,1320,9,11,4,10113,1,0,2602,150,35,78351,71.0
8474008,0,2,4406,0,0,1,0,11,0,2,0,0,227,0,0,0,6,1,4633,12.0
8477492,39,45,73501,194,452,28,24,57,1560,20,9,8,11491,0,0,341,241,51,85333,82.0
8474089,2,5,12883,45,96,7,3,79,1380,-4,0,0,111,0,0,0,16,4,12994,32.0
8473700,6,17,22331,0,1,9,0,53,720,1,0,0,412,0,0,1897,23,5,24640,28.0
8475206,0,0,948,0,0,0,1,2,0,0,0,0,55,0,0,8,1,0,1011,1.0
8471326,5,14,33705,1,3,13,6,178,6900,-1,0,0,179,0,0,0,37,8,33884,82.0
8470378,21,119,76002,0,0,32,7,58,1560,2,7,1,11598,1,0,8205,113,20,95805,79.0
8475158,36,43,76764,192,371,33,28,22,120,-1,13,9,12799,0,0,5575,201,83,95138,80.0
8476455,39,52,78022,13,18,35,26,176,4260,21,5,5,11726,0,0,1021,222,64,90769,81.0
8475745,18,37,61728,192,458,28,12,108,1980,-7,1,2,9434,0,0,621,135,32,71783,70.0
8470886,4,65,45405,0,0,19,1,99,5040,-6,0,0,94,0,0,4874,48,11,50373,63.0
8474618,14,102,75804,0,0,35,3,70,1200,10,0,0,1192,0,0,8784,80,25,85780,76.0
8474164,1,13,10088,0,0,2,0,10,0,-1,0,0,257,0,0,153,11,1,10498,15.0
8469591,5,21,19516,89,198,4,2,76,3120,-6,0,0,63,0,0,3409,26,7,22988,43.0
8469459,43,32,62759,719,1311,27,11,33,1440,0,16,2,13454,2,0,5428,147,49,81641,65.0
8470610,27,45,64538,10,24,18,29,70,1800,10,6,14,13412,0,1,4163,245,46,82113,67.0
8476235,8,23,44635,2,2,14,13,9,1560,6,1,1,3885,0,0,21,79,24,48541,66.0
8469542,0,20,14719,1,2,2,3,41,1260,-2,0,0,0,0,0,2492,26,9,17211,34.0
8470600,35,132,114539,1,1,41,8,72,2040,15,14,3,18556,1,0,11619,150,30,144714,82.0
8475799,22,23,61842,7,26,24,14,175,2640,12,4,2,6624,0,0,35,143,37,68501,81.0
8465951,18,61,63082,10,26,25,10,190,3240,8,2,0,307,1,1,12407,104,34,75796,82.0
8476463,11,117,95785,0,0,36,8,33,1320,0,4,3,6739,0,0,10768,74,28,113292,79.0
8470852,28,43,66813,2,9,14,23,46,2040,2,10,9,13918,0,0,132,176,32,80863,75.0
8469506,30,31,74042,87,159,24,30,23,960,3,10,7,17038,0,0,383,226,37,91463,82.0
8475613,6,83,40989,0,0,7,2,22,3480,2,1,0,63,1,0,5143,30,17,46195,53.0
8474716,21,107,74350,0,0,21,5,80,960,15,5,2,8531,0,0,8136,91,19,91017,67.0
8475287,9,17,24654,161,348,5,6,23,1740,14,0,0,288,0,1,3062,56,8,28004,46.0
8477495,19,99,73845,0,0,57,6,55,1440,-22,7,2,9107,0,0,7688,100,25,90640,77.0
8475176,21,97,68378,0,0,42,6,57,1440,9,6,0,8411,0,0,334,123,17,77123,80.0
8470642,33,173,100390,0,0,50,23,169,3120,-2,14,12,14795,0,0,12337,195,35,127522,79.0
8464989,29,22,59143,438,772,40,10,18,1920,4,8,1,10340,0,0,2108,134,30,71591,77.0
8467370,29,73,69934,596,1146,38,20,144,3600,-4,7,4,12264,0,0,6713,177,34,88911,75.0
8474096,19,32,56742,88,167,7,13,42,840,2,3,3,5036,0,1,6467,85,30,68245,71.0
8475225,28,21,67899,3,19,49,24,54,1320,16,3,7,9732,0,0,102,215,50,77733,79.0
8471733,4,9,28709,0,0,6,3,132,9960,-7,0,0,109,0,0,614,29,11,29432,58.0
8475714,7,4,9053,58,147,2,2,2,240,7,1,0,1008,0,0,68,13,2,10129,12.0
8470180,6,35,61357,2,10,16,15,154,3600,-25,0,0,352,0,1,8720,120,26,70429,79.0
8473537,10,25,51815,1,3,23,8,55,1920,-15,0,0,819,0,0,224,114,32,52858,70.0
8471887,31,34,63503,0,6,13,22,77,1680,2,10,7,13316,0,0,50,248,53,76869,76.0
8468700,11,55,50618,696,1200,20,10,122,3660,-6,0,0,338,0,0,11174,74,25,62130,75.0
8474569,22,35,66301,166,343,27,11,49,1260,-1,3,2,7620,0,0,29,112,33,73950,81.0
8475218,8,55,56861,0,0,33,1,42,600,-8,0,0,759,1,0,4938,58,19,62558,62.0
8475268,17,34,55918,0,1,21,9,70,480,-5,1,0,1922,0,0,3601,108,20,61441,74.0
8474600,27,150,89708,0,0,34,13,32,1080,-3,10,3,13372,0,0,11052,168,22,114132,72.0
8473658,5,79,41354,0,0,7,1,81,1380,0,0,0,193,0,0,4546,21,14,46093,50.0
8476874,20,112,75729,0,0,35,9,41,840,8,3,3,5653,0,1,5192,119,10,86574,78.0
8467452,4,90,51713,0,0,21,0,18,120,-8,0,0,83,0,0,8374,28,7,60170,53.0
8468542,12,74,43940,0,0,17,3,30,600,-4,8,1,7010,0,0,6546,54,12,57496,39.0
8469467,0,18,19828,1,2,9,2,49,900,1,0,0,1404,0,0,965,37,10,22197,33.0
8470543,33,25,71827,3,4,45,35,157,3960,25,9,13,16992,0,0,837,218,24,89656,78.0
8470854,9,57,40700,9,19,5,4,247,5400,-8,0,0,79,0,0,6602,56,10,47381,67.0
8467881,1,28,35315,7,13,4,4,70,1200,-24,0,1,1378,0,0,2204,52,12,38897,56.0
8471707,34,23,51665,5,18,22,27,58,3300,15,15,11,13574,0,0,71,238,31,65310,59.0
8475761,4,7,15819,2,2,4,3,32,0,-2,0,0,1623,0,0,2,27,2,17444,21.0
8470740,22,21,66829,10,33,39,12,104,1920,-16,4,0,8184,3,2,5857,178,40,80870,73.0
8465166,6,59,46245,61,139,16,5,190,2760,-16,0,0,76,0,0,14986,73,15,61307,82.0
8469638,36,31,65046,160,299,47,21,34,1080,12,15,6,11088,0,0,172,172,22,76306,81.0
8476158,0,5,7900,2,2,4,2,14,720,0,0,0,0,0,0,0,12,3,7900,13.0
8468498,11,143,78350,0,0,32,2,221,2760,-3,0,0,500,0,0,12723,50,11,91573,72.0
8475155,5,46,31039,0,0,15,0,72,1560,4,1,0,1557,0,0,1558,41,10,34154,34.0
8476207,12,19,26901,9,22,11,5,24,360,5,0,1,884,1,0,1599,29,10,29384,41.0
8471724,11,51,41119,0,0,39,11,43,960,-8,6,6,8244,0,0,4436,108,9,53799,37.0
8477126,4,13,22282,2,10,4,5,47,360,1,0,0,10,0,0,355,36,7,22647,36.0
8470760,17,110,83158,0,0,43,6,181,1680,0,3,0,2588,0,0,12156,117,21,97902,75.0
8464956,14,95,62092,0,0,46,1,140,1800,-12,7,1,5688,0,0,12976,90,10,80756,70.0
8476879,6,49,41252,0,0,15,3,45,840,-5,0,0,4181,0,0,5148,82,12,50581,49.0
8474068,32,33,71769,724,1429,39,26,45,2340,22,8,6,11849,1,2,8529,215,51,92147,82.0
8470599,22,31,67064,6,14,14,17,86,2460,-25,4,4,10603,0,0,8864,169,32,86531,82.0
8471862,11,30,55228,22,59,20,6,225,2460,-15,1,2,1946,0,0,5496,108,28,62670,76.0
8474250,9,28,66873,680,1291,39,13,175,6660,-9,1,0,1616,1,1,7927,154,45,76416,82.0
8470667,31,20,64366,15,32,37,24,108,4680,12,7,8,12271,2,1,6946,159,33,83583,79.0
8469455,43,26,64658,775,1436,68,23,17,2760,-26,13,9,13759,0,0,3530,223,47,81947,75.0
8473588,10,44,41943,1,15,30,6,28,1800,0,0,0,253,1,1,10922,85,37,53118,76.0
8467493,6,18,50974,1,3,13,8,253,12660,-10,1,0,2755,0,0,92,99,16,53821,76.0
8476419,0,12,14491,118,246,11,2,41,720,-5,0,0,6,0,0,2720,31,8,17217,28.0
8474605,19,48,42453,0,2,27,4,54,1200,-1,9,3,8589,0,0,1008,97,4,52050,53.0
8475913,4,7,14589,1,1,6,4,10,240,5,0,1,1654,0,0,259,36,18,16502,19.0
8473468,9,60,49161,0,0,35,2,161,3840,9,0,0,446,1,0,10315,57,6,59922,57.0
8474578,54,101,105655,0,0,115,20,122,2160,-15,26,5,20128,0,0,7416,257,68,133199,82.0
8474884,3,7,16302,6,9,9,3,18,120,-2,2,1,3469,0,0,7,61,18,19778,25.0
8469466,30,33,60408,1,4,42,13,37,1440,-15,11,2,10628,0,0,777,138,44,71813,75.0
8475796,6,57,42842,0,0,19,1,37,960,-11,2,0,3201,0,0,5759,51,12,51802,44.0
8473571,11,113,68062,0,0,31,6,34,840,-13,3,2,11112,1,0,4314,98,12,83488,69.0
8473426,8,161,64366,0,0,35,1,208,4380,-29,0,0,110,1,0,8218,47,11,72694,68.0
8471338,8,25,36513,12,31,11,2,60,1500,-3,0,0,118,0,0,7088,56,13,43719,67.0
8474570,24,22,62773,453,969,36,20,47,1200,-26,10,9,13565,0,0,2039,182,24,78377,72.0
8466182,6,76,64057,1,1,32,2,39,2040,-21,0,0,251,0,0,8651,40,28,72959,64.0
8471226,18,25,62203,106,197,30,16,78,2340,-19,5,2,9762,0,1,6329,185,24,78294,70.0
8474551,15,25,43972,125,287,17,0,26,600,-16,6,0,6221,0,0,38,38,23,50231,58.0
8469820,2,26,23946,345,567,1,1,46,5280,-9,0,0,124,0,0,3900,21,7,27970,59.0
8476878,14,43,55201,100,240,15,8,161,840,-6,0,0,1589,1,1,7537,115,25,64327,70.0
8476931,1,10,6004,0,0,0,0,5,900,-3,0,0,21,0,0,365,1,2,6390,7.0
8473722,0,21,22237,0,0,4,1,95,7500,-12,0,0,459,0,0,0,16,3,22696,56.0
8470018,2,24,24073,69,166,3,4,37,240,-6,0,0,226,0,0,4115,70,17,28414,50.0
8475235,0,3,11588,0,1,1,1,51,1080,-10,0,0,1783,0,0,34,30,2,13405,17.0
8477499,2,32,32840,0,1,19,2,66,360,-15,0,0,3351,0,0,2807,52,9,38998,34.0
8474589,22,53,74745,242,625,26,21,89,2520,-25,10,6,15632,0,0,113,210,38,90490,80.0
8475220,12,43,56992,146,301,19,7,206,4920,-17,1,0,4912,0,1,4973,79,36,66877,74.0
8476195,19,27,54425,9,14,14,7,51,3000,1,0,1,6878,0,0,39,100,24,61342,79.0
8474612,15,132,85528,0,0,51,3,93,4080,2,1,2,5373,0,0,12667,134,40,103568,69.0
8467931,3,59,36898,0,0,15,0,58,8940,-10,0,0,49,0,0,1181,50,9,38128,53.0
8474573,30,29,62691,113,228,39,8,44,1560,-8,8,2,8378,0,0,2118,98,39,73187,77.0
8470644,10,15,49334,7,15,13,8,217,2040,-22,0,0,1679,0,0,1017,96,17,52030,70.0
8474066,18,132,81738,0,0,57,4,72,2040,5,1,0,1362,1,0,9736,96,34,92836,82.0
8474709,6,42,51607,3,9,15,8,359,5400,-11,0,0,1538,0,0,3256,120,22,56401,79.0
8476458,11,8,28648,165,374,22,7,29,480,-1,3,4,4988,0,0,84,89,21,33720,37.0
8477814,2,13,13504,1,1,6,0,15,840,-5,0,0,452,0,0,1288,24,6,15244,13.0
8475314,5,2,17136,1,6,8,9,48,840,3,0,2,3565,0,0,53,68,9,20754,22.0
8475754,12,38,49958,191,451,23,14,74,720,-10,4,3,8010,0,0,3645,132,32,61613,72.0
8476429,0,8,4652,0,0,2,0,7,420,-3,0,0,10,0,0,548,7,2,5210,5.0
8476765,0,4,11067,4,20,2,1,52,1920,-1,0,0,231,0,0,92,25,4,11390,20.0
8474659,14,72,48765,0,0,37,2,68,1560,-9,5,1,5156,0,0,2455,86,18,56376,52.0
8476086,0,0,778,0,0,0,0,6,420,-1,0,0,0,0,0,0,0,0,778,2.0
8470144,33,47,61190,534,1084,35,25,39,480,-11,15,5,16465,1,2,10365,167,50,88020,80.0
8475231,10,48,51461,489,1011,18,6,128,1800,-12,1,1,1055,2,0,11677,79,33,64193,80.0
8476367,0,6,7209,0,2,0,1,18,360,-4,0,0,13,0,0,0,16,1,7222,10.0
8474236,0,0,1652,0,0,0,0,9,1020,0,0,0,0,0,0,0,3,0,1652,4.0
8471214,28,22,72527,2,3,48,51,204,2880,-35,15,24,23566,1,0,59,386,32,96152,78.0
8470611,18,33,57567,196,426,17,13,81,1920,0,1,0,2637,1,0,4397,137,50,64601,73.0
8471208,21,24,50381,15,47,27,14,92,1800,25,6,5,7715,0,0,68,119,22,58164,67.0
8473563,61,54,74588,714,1415,24,18,89,3240,-20,38,6,18066,0,1,4772,196,54,97426,82.0
8471426,18,39,65495,223,436,22,25,210,5520,-6,9,12,16865,0,0,10379,161,34,92739,82.0
8470729,2,30,17393,0,0,9,0,31,1680,-2,0,0,184,0,0,1138,7,4,18715,18.0
8466251,27,30,63266,38,87,30,15,140,2160,4,4,1,4152,1,0,8447,167,25,75865,82.0
8473991,16,158,83332,0,0,33,2,73,1560,-7,1,0,304,2,0,17397,95,28,101033,82.0
8468208,25,67,61501,90,199,27,24,54,1920,7,4,6,8617,0,2,8952,133,48,79070,82.0
8476880,7,13,38577,0,3,10,3,197,9060,1,0,1,477,0,0,3,63,17,39057,82.0
8476941,5,56,29496,0,0,18,1,25,1380,-9,0,0,658,0,0,2430,26,6,32584,34.0
8475567,1,11,9029,0,0,5,1,10,0,3,0,0,22,0,0,280,4,1,9331,10.0
8473505,0,1,566,0,0,0,0,2,0,0,0,0,0,0,0,0,0,0,566,1.0
8474590,27,177,86709,0,1,53,10,64,1320,-3,17,5,15476,1,0,18423,208,55,120608,82.0
8475200,8,62,61556,0,0,28,3,75,1140,-1,1,0,747,0,0,1194,59,28,63497,54.0
8474291,5,32,38118,296,573,7,4,93,1680,-9,0,0,346,0,0,3367,60,18,41831,62.0
8471362,22,22,49712,346,641,21,13,19,1560,6,5,3,5027,0,0,78,81,27,54817,58.0
8475744,6,2,12661,5,27,7,3,7,360,-2,2,0,1061,0,1,21,22,3,13743,17.0
8466142,13,99,70232,0,0,40,4,139,3540,10,0,0,206,2,0,10657,83,17,81095,77.0
8465202,13,66,60351,0,0,20,4,57,1080,11,6,0,8410,0,0,8729,81,17,77490,71.0
8475462,19,138,72805,0,0,36,3,273,9120,2,3,1,3421,0,0,7550,114,13,83776,73.0
8474870,26,37,70121,614,1275,41,24,55,1560,23,5,5,12319,1,5,9980,181,23,92420,82.0
8473962,30,12,65153,4,16,40,12,13,840,-3,14,3,14765,0,0,109,157,36,80027,81.0
8473986,24,31,72360,74,172,43,17,77,3780,8,5,3,9452,0,0,740,173,32,82552,82.0
8474497,7,33,23503,0,0,9,4,26,480,10,0,0,2157,0,0,256,49,4,25916,28.0
8476806,15,32,43831,7,22,12,4,70,360,-9,2,0,1811,1,0,3626,113,19,49268,63.0
8471339,19,60,57855,13,32,20,17,189,1440,1,5,7,9384,0,1,5490,163,34,72729,65.0
8470640,29,161,90586,0,1,43,2,46,1680,11,6,1,7130,0,0,11443,115,21,109159,82.0
8477832,0,1,612,1,5,0,0,1,0,0,0,0,0,0,0,0,2,0,612,1.0
8470775,7,45,52578,496,974,9,9,114,1620,3,0,0,210,0,2,9733,105,28,62521,81.0
8476975,1,4,1702,16,29,0,0,2,0,1,0,0,0,0,0,43,1,0,1745,2.0
8477205,7,36,37394,0,0,22,1,26,960,3,0,0,246,2,0,3107,39,4,40747,43.0
8475209,10,16,33947,3,8,23,3,70,1260,-9,4,0,3923,0,0,207,56,16,38077,50.0
8475167,42,101,80038,0,0,44,13,86,3180,5,11,3,11194,6,0,9737,170,34,100969,75.0
8476453,9,19,37212,1,1,17,9,15,840,3,1,3,3707,0,0,0,102,17,40919,52.0
8474564,15,16,35193,260,529,13,25,50,1080,9,4,9,8501,0,1,1259,124,24,44953,37.0
8470601,12,115,89618,0,0,44,5,109,3780,-5,0,0,1118,0,1,19641,122,26,110377,82.0
8475170,21,37,65951,296,685,19,20,200,3240,0,5,4,10758,0,0,772,178,37,77481,82.0
8476461,26,40,70741,646,1353,40,13,64,2700,1,3,0,6284,4,1,16882,165,47,93907,82.0
8475775,1,7,11234,0,0,6,4,26,240,-1,0,0,831,0,0,9,16,4,12074,18.0
8474190,31,35,65589,1,2,27,29,132,6360,-4,9,15,16722,0,0,199,209,36,82510,82.0
8467925,5,46,32771,314,527,6,4,77,1380,-15,0,0,161,0,2,14293,61,18,47225,80.0
8468486,32,39,63186,4,18,35,20,155,6180,11,11,9,15472,0,0,345,207,19,79003,78.0
8474568,8,113,68115,0,0,36,4,260,3480,-1,0,0,124,1,0,10204,78,17,78443,79.0
8476177,18,54,63589,12,28,22,22,72,960,-4,2,0,7188,0,4,13815,151,45,84592,75.0
8475640,8,50,29947,0,0,16,2,11,360,7,2,0,1291,0,0,1351,30,4,32589,31.0
8473512,58,46,77455,931,1760,34,28,90,2760,7,30,7,18440,0,0,4643,223,43,100538,82.0
8468309,34,108,86555,0,0,41,10,41,2640,3,11,4,13269,0,0,1740,121,16,101564,82.0
8470816,0,4,9979,0,1,5,2,48,5400,-8,0,0,89,0,0,14,14,1,10082,34.0
8467329,17,19,52580,200,448,27,20,77,2640,-16,5,8,10155,0,0,155,132,16,62890,69.0
8475917,1,0,736,0,0,0,0,1,0,1,0,0,34,0,0,32,2,0,802,1.0
8459670,29,112,62407,0,0,31,6,75,1920,5,19,1,15800,1,0,15716,152,13,93923,77.0
8459628,0,6,4825,0,0,1,0,7,120,0,0,0,0,0,0,518,1,1,5343,6.0
8474161,39,20,68105,4,6,30,23,19,1320,11,15,8,16550,0,0,240,235,33,84895,82.0
8469460,4,27,20898,0,0,16,0,70,840,-4,0,0,315,0,0,1249,20,3,22462,32.0
8474681,15,15,47171,154,369,11,7,33,840,-2,4,2,4314,0,0,1499,78,31,52984,68.0
8473533,25,37,74138,803,1477,41,15,194,2040,2,8,2,11074,3,1,8021,165,51,93233,82.0
8470595,40,28,76163,754,1430,61,21,67,4440,-13,11,1,15836,2,2,4163,230,77,96162,79.0
8471804,15,15,66366,2,6,34,16,53,2160,-6,4,3,8509,0,2,4835,221,48,79710,81.0
8477496,12,17,41644,106,229,28,9,51,240,-14,3,4,8716,0,0,190,70,37,50550,58.0
8462041,5,25,34334,6,12,21,4,17,2460,3,0,0,533,0,0,3438,52,26,38305,60.0
8473482,14,38,53439,3,15,19,16,88,1320,2,1,0,6117,0,2,2334,131,26,61890,68.0
8474062,14,22,48677,306,666,18,10,81,1740,0,2,1,3500,1,0,3315,86,54,55492,73.0
8474137,8,18,40526,6,10,12,4,45,960,-2,0,0,1508,0,0,1462,80,19,43496,70.0
8467334,6,56,40936,566,952,21,7,82,1080,0,0,0,305,1,0,6763,53,24,48004,69.0
8468639,7,80,41985,1,1,18,2,50,480,5,3,1,5955,0,0,410,56,14,48350,41.0
8475753,27,102,86039,0,0,47,5,94,2220,-9,6,2,9657,1,0,11061,152,41,106757,76.0
8470302,14,48,57397,9,24,26,8,107,840,-2,0,0,348,0,2,8183,134,44,65928,75.0
8469531,11,82,60813,0,0,23,4,141,2640,-1,5,1,4119,0,0,2904,103,8,67836,68.0
8475784,21,8,59937,23,51,43,33,22,1320,-14,9,11,13169,0,0,140,274,48,73246,71.0
8468493,11,124,92294,0,0,40,4,96,2700,-9,0,0,3086,1,0,10100,72,36,105480,82.0
8474135,6,98,59075,0,0,39,2,169,2700,-1,0,0,304,0,0,7714,54,21,67093,64.0
8469623,30,81,89831,0,0,58,12,124,3600,-3,10,8,13925,2,0,1462,128,19,105218,81.0
8476457,2,37,25595,0,0,10,1,41,720,-1,0,0,743,0,0,1406,20,4,27744,26.0
8472382,24,129,91836,0,0,52,8,87,1920,3,10,3,11566,2,0,17523,134,46,120925,82.0
8471816,7,83,70297,0,0,32,4,77,1800,-5,0,0,191,0,1,8617,88,12,79105,72.0
8464977,13,39,73836,216,424,20,13,107,2760,1,0,0,1897,0,0,10637,121,19,86370,82.0
8476209,0,4,6980,5,6,1,0,19,0,-1,0,0,28,0,0,429,20,3,7437,14.0
8472394,4,29,32825,0,0,12,0,17,840,-2,0,0,2090,0,0,2046,32,3,36961,33.0
8472410,7,25,41800,238,581,10,4,113,1080,-8,0,0,71,0,1,7475,89,26,49346,66.0
8477059,14,5,41173,1,8,21,11,15,1560,-11,6,4,7491,1,0,59,110,16,48723,60.0
8469462,16,34,58287,14,37,34,8,216,2640,-18,0,3,7377,0,0,756,105,32,66420,76.0
8467545,16,10,65914,4,12,20,18,51,1080,-6,4,4,11570,0,1,165,166,24,77649,82.0
8470609,9,23,53787,6,18,13,3,118,1980,-15,1,0,4408,0,0,58,104,22,58253,78.0
8471233,30,25,75906,761,1394,23,18,53,1680,3,12,3,12040,0,0,9546,165,49,97492,80.0
8473646,3,24,38219,16,36,9,7,72,2100,-6,0,0,97,1,0,3827,69,14,42143,62.0
8471636,3,9,7944,20,47,3,0,24,120,1,0,0,0,0,0,789,13,1,8733,16.0
8460542,35,19,52858,276,677,32,18,26,1800,-4,13,4,9626,4,2,7246,116,26,69730,65.0
8475750,9,41,53281,0,0,11,2,27,720,-3,2,0,4622,0,0,2083,45,9,59986,52.0
8448208,43,9,79753,0,2,59,24,4,2760,16,12,5,14260,0,0,246,231,36,94259,82.0
8470714,5,18,13483,0,0,6,0,20,1260,-1,2,0,834,0,0,1383,17,6,15700,19.0
8470169,13,46,48681,358,749,10,8,134,2820,1,1,0,742,1,1,9143,84,26,58566,82.0
8475191,31,14,64257,0,2,41,20,63,840,28,8,6,8059,0,0,39,146,35,72355,82.0
8470626,27,13,48086,0,0,17,10,12,360,14,9,2,7175,1,0,5233,115,31,60494,61.0
8465978,3,19,33588,3,9,10,5,111,4440,3,0,0,180,0,0,0,93,13,33768,64.0
8476462,18,53,63435,0,0,31,7,73,2400,22,4,2,7401,0,0,2519,114,18,73355,64.0
8471262,32,36,54623,139,328,14,16,52,2160,4,11,5,7788,0,0,42,129,33,62453,73.0
8475150,2,9,21367,1,4,7,1,47,2160,-8,0,0,154,0,0,1420,52,11,22941,35.0
8471236,15,64,49412,0,0,28,7,67,2400,5,1,1,3352,0,0,2728,84,11,55492,52.0
8474749,18,56,67665,0,0,28,0,155,1800,22,0,0,642,0,0,6712,91,11,75019,64.0
8476792,26,77,69888,1,2,35,14,50,1680,18,13,6,11923,0,0,1186,183,24,82997,79.0
8477228,0,0,1352,2,2,0,0,0,0,0,0,0,0,0,0,59,0,1,1411,2.0
8470187,18,151,80884,0,0,31,5,158,2700,31,0,0,1395,3,0,13086,142,16,95365,75.0
8475845,1,0,2616,0,1,0,1,4,0,1,0,0,39,0,0,188,5,2,2843,4.0
8475414,0,0,1073,3,7,0,0,1,0,0,0,0,30,0,0,35,4,0,1138,2.0
8473419,28,23,68377,6,23,51,25,73,3840,36,1,1,2459,0,5,7628,149,46,78464,82.0
8476435,0,0,884,8,17,0,0,1,120,0,0,0,30,0,0,0,2,1,914,1.0
8476191,5,85,43583,0,0,8,1,103,2280,20,0,0,107,0,0,5553,41,15,49243,47.0
8475768,31,32,68243,44,78,15,25,54,1620,28,5,5,8505,0,3,7386,188,66,84134,80.0
8469485,28,30,50295,219,466,20,9,13,1800,-1,12,4,10295,0,0,701,114,22,61291,75.0
8469470,3,26,20823,0,0,5,1,29,1080,-4,1,0,1882,0,0,24,18,1,22729,25.0
8469779,0,0,1382,9,15,1,0,0,0,-3,0,0,61,0,0,154,1,1,1597,2.0
8476427,0,0,1041,0,0,1,0,1,0,-2,0,0,285,0,0,0,4,0,1326,2.0
8470151,33,106,91898,3,4,22,4,51,1200,26,10,1,10350,0,0,16071,152,18,118319,82.0
8470257,29,28,61408,265,541,12,33,43,2760,17,10,7,13578,2,1,7762,211,42,82748,68.0
8474031,35,101,80339,0,0,37,10,72,2280,1,19,7,16241,1,0,3384,188,38,99964,81.0
8476436,1,5,10772,1,2,1,1,40,480,-3,0,0,608,0,0,93,18,3,11473,18.0
8474013,8,68,39198,0,0,9,3,24,1860,15,2,0,667,0,0,1767,45,9,41632,46.0
8468505,14,35,70233,494,917,28,9,246,5520,-38,2,6,8800,0,0,10657,127,15,89690,82.0
8470871,1,3,13038,3,10,1,0,68,0,-3,0,0,46,0,0,612,24,3,13696,22.0
8467917,5,24,23317,0,0,6,1,8,360,1,2,0,1321,0,0,632,40,2,25270,27.0
8470654,6,18,41116,301,593,3,9,87,4680,-3,0,0,98,0,0,6358,78,19,47572,71.0
8471392,9,131,64953,0,0,11,4,151,4260,3,0,0,58,0,0,9886,83,10,74897,72.0
8475175,6,24,33144,2,6,3,6,26,360,-6,0,0,561,0,0,112,60,13,33817,55.0
8471817,6,12,32156,6,8,6,2,211,7560,-1,0,0,55,0,0,4,25,12,32215,63.0
8471490,2,8,9063,10,27,0,0,33,0,0,0,0,135,0,0,129,16,3,9327,19.0
8474090,14,69,74174,0,0,49,5,57,4080,-2,0,1,721,0,0,3440,90,18,78335,71.0
8471693,17,42,59798,0,0,34,2,57,1440,-4,7,0,8065,0,0,370,93,14,68233,66.0
8471716,18,31,57810,23,55,15,10,172,1860,2,2,1,3705,0,0,2677,147,21,64192,70.0
8467514,20,22,44244,446,835,21,17,30,360,1,6,6,8502,0,0,1976,126,59,54722,45.0
8474679,20,14,46520,5,9,19,28,18,600,16,3,6,11091,0,0,25,153,34,57636,57.0
8475772,15,16,31062,251,512,9,9,25,360,8,3,2,5326,0,0,25,59,17,36413,42.0
8467330,37,38,69755,585,1156,42,14,49,3660,-17,13,6,14179,0,0,613,146,37,84547,83.0
8474168,9,25,42735,345,671,27,8,26,720,-11,0,0,971,1,0,10222,78,18,53928,65.0
8470778,8,63,54305,9,23,9,7,122,1260,-11,0,0,441,0,0,14814,117,26,69560,82.0
8475193,20,20,52805,26,52,19,19,81,1800,12,4,2,10051,0,0,0,158,41,62856,73.0
8474873,5,93,54315,0,0,15,1,65,2160,-2,0,0,55,0,0,10578,38,14,64948,75.0
8476430,7,9,24920,0,0,10,8,67,840,0,1,2,4153,0,0,12,77,8,29085,36.0
8470724,9,109,88758,0,0,39,4,88,5280,-5,0,0,1617,0,0,11988,106,31,102363,82.0
8476822,6,38,37272,329,678,7,1,92,1320,-8,0,0,343,0,0,9136,54,12,46751,56.0
8471794,8,16,31059,269,548,13,12,73,840,2,0,1,1700,0,2,5472,83,17,38231,42.0
8459444,7,14,41726,9,18,27,9,72,2400,-17,1,6,10126,0,0,20,100,13,51872,59.0
8476450,0,2,900,0,0,0,0,2,0,0,0,0,205,0,0,0,3,0,1105,1.0
8476443,0,1,3236,0,0,1,0,7,120,0,0,0,21,0,0,240,4,0,3497,4.0
8470121,4,59,29439,0,1,36,2,118,2820,6,0,0,655,0,0,6131,38,1,36225,38.0
8474162,19,82,73756,0,0,57,5,169,3480,8,4,1,10988,0,0,2035,175,14,86779,76.0
8470617,30,21,61764,489,907,65,11,73,1680,-6,8,4,14065,1,1,7701,157,28,83530,82.0
8471685,41,44,76162,773,1451,41,29,90,1440,34,13,10,16710,0,0,9893,200,52,102765,82.0
8468483,19,10,34736,0,2,15,11,15,600,7,6,1,6987,0,0,117,103,11,41840,41.0
8475160,5,13,41288,6,12,16,3,189,4860,6,0,0,686,0,0,1312,74,12,43286,71.0
8468508,24,21,68786,2,10,75,19,44,2880,14,3,4,11537,0,0,3092,239,25,83415,82.0
8473453,5,36,48580,127,262,18,6,145,360,-1,0,0,1265,0,1,8222,111,14,58067,73.0
8470606,12,12,62643,6,19,41,15,246,3960,7,3,1,10096,0,0,2324,195,26,75063,79.0
8474594,30,69,85771,1,1,75,4,165,2640,6,12,1,13907,0,0,10032,143,16,109710,82.0
8474166,11,75,48628,0,0,27,11,96,840,17,5,3,7240,0,0,1529,79,5,57397,61.0
8468526,19,60,57395,678,1239,20,8,202,2880,9,3,1,6946,1,0,9899,109,14,74240,78.0
8465185,11,128,77184,0,0,56,1,102,3480,14,2,0,2090,0,0,13433,73,10,92707,76.0
8467344,11,96,76185,0,0,40,3,211,2760,6,0,0,360,0,0,13313,73,5,89858,79.0
8475325,4,11,34174,1,4,16,6,100,3240,-1,0,0,265,0,0,122,58,5,34561,64.0
8475726,17,8,41953,2,9,25,12,57,600,21,3,1,5868,0,0,308,124,23,48129,62.0
8474100,15,17,61300,2,5,33,15,114,1080,16,1,0,2281,0,2,5915,111,15,69496,77.0
8470604,23,29,61218,336,644,59,27,68,2640,8,6,8,14127,0,1,6526,256,32,81871,72.0
8470621,39,28,74927,9,25,56,43,81,3900,32,10,8,17061,0,0,2691,280,31,94679,81.0
8470612,56,87,71518,692,1411,76,31,110,1860,28,18,5,16986,0,0,9834,204,53,98338,77.0
8467400,13,171,76634,0,0,51,4,112,2340,26,1,1,7002,1,0,13381,100,17,97017,70.0
8467332,10,118,62069,0,0,26,0,121,4500,20,0,0,280,1,0,9256,60,8,71605,68.0
8473507,10,132,84895,0,0,96,7,181,2520,-22,1,1,4043,0,0,14669,96,29,103607,80.0
8475791,53,41,74083,37,81,100,27,54,2640,-15,10,7,14295,1,0,1684,250,76,90062,75.0
8471748,1,95,33171,0,0,33,1,118,4560,-15,0,0,96,0,0,5467,11,7,38734,42.0
8475264,0,4,1569,4,6,0,1,0,0,-1,0,0,126,0,0,0,2,0,1695,3.0
8473911,2,1,3459,0,0,1,0,10,900,-1,0,0,13,0,0,0,2,1,3472,6.0
8474586,37,40,75923,8,21,71,28,51,1080,-11,13,7,14592,0,1,3312,200,61,93827,80.0
8474602,22,107,84041,0,1,63,11,30,960,-22,11,1,15286,0,0,4332,109,20,103659,74.0
8468611,2,59,46223,34,63,14,5,180,6720,-11,0,0,672,0,1,11955,102,19,58850,77.0
8474707,9,31,26384,0,0,15,3,44,480,-4,4,1,4369,1,0,148,47,4,30901,30.0
8476179,2,14,10965,98,195,4,3,37,1260,-2,0,0,72,0,0,3611,18,15,14648,30.0
8475165,1,8,17244,71,160,9,0,29,240,-10,0,0,1772,0,0,3078,18,6,22094,27.0
8474102,29,20,74043,13,39,42,28,116,5400,-16,5,8,13246,0,1,2219,220,52,89508,78.0
8475752,0,4,5338,1,3,1,1,26,0,-2,0,0,15,0,0,30,9,2,5383,10.0
8477289,6,75,50894,0,0,46,1,103,2040,-12,2,0,4514,0,0,1652,54,7,57060,57.0
8476472,2,25,15325,0,0,9,1,6,0,-6,0,0,154,0,0,634,14,3,16113,17.0
8475716,6,60,43096,0,0,33,0,17,960,-2,1,0,1319,1,0,6175,28,17,50590,44.0
8476454,37,35,77548,543,1280,50,19,72,1560,-12,14,6,14368,0,0,5974,178,63,97890,80.0
8460496,13,29,48297,91,182,35,10,58,2640,-18,2,5,11018,0,0,7317,129,27,66632,72.0
8469465,17,130,90050,0,0,69,5,87,1560,13,3,0,8748,0,0,14758,150,48,113556,79.0
8471498,9,22,59648,12,29,14,11,99,2580,-9,1,0,3570,0,1,3516,112,28,66734,71.0
8475147,3,8,16370,112,244,7,3,20,120,-7,1,0,1526,0,0,121,25,7,18017,25.0
8473589,1,25,14171,0,0,4,2,33,900,0,0,0,16,0,0,1929,17,0,16116,18.0
8474628,13,114,64762,0,0,5,8,153,2280,-10,4,2,5361,1,0,6344,105,9,76467,70.0
8474646,4,7,15502,7,14,2,2,50,240,0,0,0,104,0,0,1006,35,6,16612,22.0
8474053,31,68,55300,479,950,43,23,16,1200,21,9,4,13249,2,2,5306,233,39,73855,65.0
8476881,10,13,29440,29,51,18,15,39,240,11,0,3,4577,0,0,12,98,18,34029,37.0
8475625,17,93,61815,0,1,44,2,62,2100,5,5,1,7498,0,0,677,147,15,69990,62.0
8471311,13,11,48458,57,136,14,4,54,2040,-10,1,0,1983,0,0,696,143,36,51137,67.0
8474584,13,75,62609,0,1,31,3,78,1080,-9,4,1,5306,0,0,1260,90,15,69175,67.0
8475182,1,14,12607,0,0,5,0,18,360,-4,1,0,1384,0,0,36,21,3,14027,17.0
8470607,34,142,90014,0,0,68,7,171,1320,23,6,3,9740,0,1,9786,149,35,109540,82.0
8475181,24,45,70492,0,0,35,7,52,600,10,6,4,9883,0,0,167,123,12,80542,82.0
8469544,44,27,76716,83,152,25,34,55,2400,13,15,10,15995,0,0,211,313,41,92922,82.0
8475214,6,2,12739,4,6,0,5,20,1920,5,0,0,458,0,0,0,46,9,13197,24.0
8471299,7,19,38043,176,396,10,4,43,1200,-5,1,0,1649,2,0,2177,69,21,41869,61.0
8469992,5,38,35571,0,0,20,2,64,3120,2,0,0,117,0,0,1429,43,7,37117,48.0
8476438,28,20,64421,50,122,24,19,48,1200,20,6,3,8479,2,0,3339,159,50,76239,78.0
8471346,24,23,60495,56,119,20,12,29,2160,0,7,1,9589,0,0,205,157,37,70289,81.0
8477836,0,0,1104,10,21,0,1,2,120,-1,0,0,52,0,0,0,1,0,1156,2.0
8469665,13,114,82269,1,1,52,3,49,2280,11,0,0,832,1,0,9796,83,15,92897,77.0
8474727,12,58,49910,200,394,12,14,40,120,3,1,1,1663,0,0,5746,90,22,57319,75.0
8471254,4,10,38432,1,2,8,11,105,1680,-6,0,0,1747,0,0,0,93,10,40179,59.0
8465058,7,43,38888,0,0,24,1,67,1920,7,0,0,1072,0,0,2002,39,15,41962,42.0
8475807,2,7,10119,10,27,2,1,17,120,-2,0,0,73,0,0,1026,26,9,11218,16.0
8475650,7,22,49251,1,1,6,7,203,5520,-1,0,0,210,0,0,1094,109,5,50555,82.0
8476381,19,16,61541,296,684,18,20,168,4560,12,4,5,12564,0,0,1209,149,25,75314,80.0
8466148,30,26,63589,1,3,26,30,43,1200,28,9,4,9593,1,3,5755,241,75,78937,72.0
8476456,19,23,56538,5,11,21,9,73,2220,-5,3,2,8226,0,0,89,108,32,64853,69.0
8475213,2,5,13437,86,208,4,5,23,480,-1,0,1,1129,0,1,2706,23,6,17272,24.0
8471681,0,6,8192,1,1,0,4,19,360,2,0,0,123,0,0,0,23,5,8315,16.0
8471260,11,16,42109,10,17,16,5,197,2160,-2,0,0,548,0,0,1484,107,22,44141,61.0
8471766,1,9,12779,0,1,0,1,55,3720,-6,0,0,35,0,0,0,12,2,12814,28.0
8474774,4,65,45691,0,1,11,2,99,2220,-7,0,0,214,0,0,4677,56,13,50582,49.0
8470602,23,156,83763,0,1,60,8,227,8640,2,9,2,15764,1,0,13582,145,32,113109,80.0
8471742,28,111,76474,0,0,68,5,282,1800,-20,17,1,13803,0,0,7779,115,50,98056,79.0
8469476,5,88,49588,0,0,26,1,156,3900,-21,0,0,97,0,0,6197,43,9,55882,56.0
8469508,6,57,54961,676,1260,24,4,141,1920,-8,0,0,139,1,0,16642,67,36,71742,81.0
8471664,26,24,68906,7,16,39,19,38,1320,-6,5,6,9716,1,1,6708,178,26,85330,82.0
8470085,8,72,48491,0,0,53,6,115,2160,-1,0,0,853,0,1,6063,59,39,55407,53.0
8474037,31,29,78975,46,113,41,30,118,3000,-9,6,9,15099,2,2,6997,279,36,101071,80.0
8475180,5,22,28670,182,395,12,6,46,1080,0,0,1,582,0,0,27,43,25,29279,43.0
8475774,0,1,681,0,0,0,0,3,0,0,0,0,1,0,0,24,0,0,706,1.0
8468778,0,10,17292,1,2,6,0,112,6600,-3,0,0,94,0,0,42,12,3,17428,54.0
8470867,7,19,24253,2,7,7,3,64,1560,6,0,0,49,0,0,43,50,6,24345,47.0
8473579,11,63,56931,38,108,15,9,153,1440,-4,0,0,286,0,0,10889,81,30,68106,70.0
8475098,30,42,59388,681,1399,24,19,62,840,2,3,5,9384,0,1,4125,90,49,72897,58.0
8475172,30,34,69556,510,1127,57,20,141,4020,-11,11,7,11133,0,0,697,148,44,81386,78.0
8476853,25,92,68201,0,0,71,2,96,720,-13,11,1,8419,0,0,618,96,38,77238,73.0
8474581,21,87,87258,0,0,68,10,108,1140,-3,9,2,10946,0,1,2962,136,33,101166,80.0
8470920,6,35,50511,8,21,25,5,159,5580,-14,1,1,3834,0,0,21,102,23,54366,60.0
8473548,43,30,86106,2,14,88,37,25,1620,-5,12,8,15429,0,0,143,305,37,101678,82.0
8469521,23,45,72343,822,1713,37,20,44,2280,11,7,3,9425,0,3,14339,199,38,96107,81.0
8474668,10,26,30030,0,4,14,6,103,3540,3,0,1,296,0,0,480,41,17,30806,61.0
8470324,13,177,69429,0,1,29,1,97,720,6,1,0,1401,1,0,13289,35,11,84119,66.0
8471663,0,3,2497,0,0,0,0,16,300,-2,0,0,2,0,0,77,2,0,2576,7.0
8476244,13,127,54373,0,1,22,2,36,960,-2,4,0,5839,1,0,7734,68,8,67946,63.0
8471873,12,64,85110,0,0,49,1,75,1560,9,0,0,1348,0,0,7879,104,29,94337,81.0
8470630,7,137,72417,0,0,33,2,111,1260,-7,0,0,345,0,0,7308,73,19,80070,77.0
8475855,0,7,6310,0,0,1,0,20,120,-5,0,0,173,0,0,968,7,1,7451,11.0
8470666,1,21,31442,1,1,20,4,112,6000,-1,0,0,289,0,0,10,44,4,31741,57.0
8473432,4,27,31106,0,3,8,4,102,7680,-1,0,0,311,0,0,2326,67,12,33743,51.0
8473544,27,19,64342,469,977,28,18,124,2760,2,11,7,12293,0,0,137,159,28,76772,81.0
8475186,11,57,62638,0,0,27,4,59,1500,7,2,0,4822,0,0,599,115,4,68059,74.0
8471686,11,84,78360,1,1,48,3,83,1440,-1,0,1,1623,1,0,8705,92,41,88688,72.0
8467389,31,43,73694,512,1029,46,20,24,1080,-8,14,5,18099,0,0,130,259,33,91923,82.0
8474613,40,46,69788,683,1512,37,17,30,1080,12,13,5,13303,3,0,5746,199,50,88837,82.0
8470619,12,54,51571,306,578,20,6,154,3360,1,1,1,1020,2,0,10199,137,20,62790,82.0
8468575,12,24,43576,354,648,11,6,62,1080,0,0,0,406,2,1,7335,96,18,51317,73.0
8475692,40,41,64488,3,8,38,19,116,1920,11,13,4,12085,0,1,2612,170,44,79185,77.0
8473992,2,28,14132,0,0,9,0,39,1200,-5,0,0,22,0,0,880,10,0,15034,21.0
8470041,13,29,54711,2,2,49,26,11,2160,10,3,4,9709,2,2,1949,258,51,66369,65.0
8474176,16,33,58968,0,5,34,17,64,2640,8,0,0,893,0,1,7228,144,32,67089,72.0
8471678,21,18,55147,20,39,39,15,141,3360,10,1,7,9334,0,0,32,141,31,64513,80.0
8471702,36,76,85465,0,0,49,10,124,3060,33,12,3,14546,0,0,3477,162,19,103488,81.0
8468674,6,52,40201,0,0,13,6,117,3480,-6,1,0,488,0,0,3140,59,8,43829,56.0
8474091,13,40,60088,549,1150,13,13,69,720,-9,3,2,5311,0,3,11236,144,29,76635,81.0
8474145,10,73,45777,0,1,11,0,137,4440,-3,0,0,123,1,0,4251,50,6,50151,54.0
8471675,68,28,82465,991,1887,56,36,47,2760,18,27,11,20582,0,0,2420,259,41,105467,80.0
8477290,13,44,45165,52,93,21,9,113,1680,2,0,0,763,0,0,7075,101,25,53003,68.0
8473584,24,242,95343,0,0,60,4,69,3000,-22,9,2,14159,1,0,11668,92,23,121170,82.0
8462042,31,27,71664,8,37,29,30,142,2820,34,10,4,11711,0,0,1875,209,30,85250,78.0
8473473,35,22,72073,61,131,71,24,240,5460,30,9,3,11273,0,0,57,153,33,83403,80.0
8470230,9,30,40775,11,17,13,9,70,360,9,0,0,203,0,1,6383,71,32,47361,72.0
8465009,23,104,87963,0,0,62,17,163,3960,25,5,10,11252,1,0,14684,168,20,113899,77.0
8470638,32,57,67420,1015,1732,28,30,52,2580,38,4,7,9524,3,1,9414,243,49,86358,80.0
8471276,50,56,76358,618,1208,48,19,75,1680,39,16,3,12316,0,0,3106,169,45,91780,80.0
8469555,27,119,84691,0,0,61,6,49,2280,-27,11,1,16363,2,1,12289,161,36,113343,79.0
8471851,7,40,44093,5,15,12,5,55,1560,-15,0,2,5400,0,0,1301,110,22,50794,57.0
8476808,7,55,56759,184,389,15,6,51,840,-10,0,0,572,0,1,11015,102,28,68346,79.0
8473485,11,9,44486,12,35,13,15,80,7080,0,3,3,7107,0,0,146,110,12,51739,63.0
8476442,14,45,50154,3,11,29,10,7,960,-4,3,1,3327,0,0,2263,124,17,55744,66.0
8470159,13,89,50876,843,1492,19,8,27,1200,-15,3,1,2275,1,1,12360,80,21,65511,74.0
8474040,27,34,61736,451,963,47,10,33,2460,-29,6,1,10499,1,0,1639,143,28,73874,67.0
8471691,25,37,57268,599,1099,19,15,200,4380,-9,8,5,10874,0,0,4717,169,32,72859,65.0
8471385,6,55,48214,0,0,31,0,77,2280,4,0,0,68,0,0,3633,47,15,51915,60.0
8474074,2,29,18101,0,0,17,1,20,480,1,0,0,839,0,0,417,19,3,19357,20.0
8470614,11,160,64359,0,0,32,2,229,6060,11,0,0,77,0,0,12713,73,6,77149,69.0
8476885,19,132,68384,0,0,88,10,95,2580,4,3,0,7694,0,1,11424,121,31,87502,65.0
8475169,22,36,61317,45,105,26,19,173,3960,-7,4,1,8416,0,2,6960,250,28,76693,63.0
8466140,25,45,72328,612,1330,30,18,120,3720,-8,6,2,9001,0,0,2426,171,20,83755,82.0
8474094,5,27,28413,2,4,5,5,19,360,-3,0,0,174,0,0,2699,56,12,31286,46.0
8471217,31,42,69954,24,62,44,23,154,3420,8,8,4,12721,2,0,9642,189,37,92317,78.0
8473412,41,38,74250,785,1653,31,23,84,3480,8,7,8,13111,2,2,11057,170,38,98418,82.0
8470289,1,7,14061,163,281,7,1,41,480,-5,0,0,133,0,0,3028,24,7,17222,27.0
8474743,2,11,8757,0,0,4,1,7,0,1,0,0,409,0,0,34,10,2,9200,10.0
8471218,41,68,74792,15,40,32,28,150,3780,4,11,8,12941,0,0,4215,225,36,91948,82.0
8474025,3,17,28055,3,3,12,3,105,1260,-6,0,0,447,0,0,24,52,10,28526,55.0
8470834,36,80,84229,0,2,72,20,213,5160,-20,18,8,16184,0,0,7629,256,68,108042,78.0
8470828,20,142,91673,1,1,39,10,37,3360,-9,9,4,16090,0,0,9817,106,13,117580,82.0
8471682,16,37,59611,5,20,29,11,143,1320,-7,1,2,8081,0,0,51,129,24,67743,75.0
8474603,4,12,16808,78,156,4,3,31,600,-2,0,0,630,0,0,5,17,15,17443,30.0
8473564,27,51,69842,43,68,24,15,41,720,8,1,1,4827,1,0,6362,189,53,81031,81.0
8470274,22,45,72221,17,38,23,17,98,1800,-14,1,2,7702,1,0,9815,216,31,89738,78.0
8471958,19,174,91312,0,0,55,5,191,960,6,2,1,7395,2,0,13654,100,28,112361,81.0
8466378,39,38,80009,68,167,53,30,24,600,13,12,9,16118,1,1,5644,204,65,101771,81.0
8474151,29,131,88806,0,0,66,14,88,2160,11,11,2,13268,1,3,12579,177,51,114653,77.0
8467890,12,130,73945,0,1,32,3,96,5820,11,0,0,115,0,0,10915,83,25,84975,79.0
8466160,12,20,46262,9,29,13,13,110,4560,1,3,4,4210,0,0,233,56,12,50705,71.0
8471743,24,28,48525,503,813,8,9,110,4320,14,6,1,5874,1,0,6879,102,25,61278,61.0
8473534,18,30,61379,373,783,12,14,88,2280,10,2,2,7195,0,0,7111,144,42,75685,78.0
8474565,43,164,93272,0,0,34,8,24,1920,20,16,2,13649,1,0,16324,164,37,123245,81.0
8470655,30,56,66521,621,1201,22,27,273,7140,14,6,10,11761,0,0,8511,165,32,86793,74.0
8471698,39,54,68708,28,66,21,21,77,2520,19,10,5,12904,1,2,8373,152,62,89985,79.0
8471269,13,174,76660,0,0,44,1,189,3300,-6,0,0,307,1,0,12486,71,4,89453,78.0
8474736,2,12,28885,2,3,4,2,231,9180,-13,0,0,186,0,0,1873,54,8,30944,67.0
8471768,4,20,16854,101,193,5,3,11,240,-2,0,0,162,0,0,1552,27,2,18568,27.0
8467988,10,26,35818,2,7,23,5,75,4020,-7,3,0,4043,0,0,426,95,11,40287,57.0
8476292,36,64,69658,5,37,38,23,146,1200,32,8,3,7914,2,2,10076,165,47,87648,81.0
8470047,33,33,69922,693,1326,28,25,33,1200,5,14,6,15144,0,0,4844,131,53,89910,75.0
8475197,25,57,60133,0,0,27,13,50,1200,17,6,4,10731,0,0,337,101,26,71201,64.0
8470750,21,51,60316,374,748,27,11,112,2160,13,0,3,4749,1,0,8157,107,38,73222,75.0
8464981,9,66,49700,0,1,19,1,107,2280,7,0,0,101,0,0,5566,48,14,55367,54.0
8471657,8,33,37508,2,10,1,5,148,7320,2,0,0,75,0,1,6412,76,10,43995,71.0
8467365,3,66,29993,0,0,12,1,64,3360,-5,0,0,27,0,0,4606,38,4,34626,37.0
8471242,29,107,81798,0,0,65,9,62,3840,-16,12,3,11611,0,0,2056,172,32,95465,70.0
8475161,1,1,6184,15,40,3,1,22,1020,0,0,0,78,0,0,0,8,2,6262,12.0
8475149,36,27,68196,95,274,49,8,49,240,-21,15,6,14410,0,0,1578,107,32,84184,80.0
8475455,11,149,89194,0,0,52,6,168,5160,9,0,0,584,0,2,11470,97,15,101248,80.0
8470110,16,98,70583,0,0,21,9,42,2280,10,3,1,4750,0,0,9672,107,15,85005,67.0
8458537,23,16,45888,1,2,43,9,14,840,-6,12,3,11904,0,0,16,124,25,57808,69.0
8473994,45,60,71657,411,778,68,34,118,3840,21,14,5,17843,2,1,3580,279,70,93080,81.0
8471284,33,127,81712,0,0,38,11,54,1200,4,11,4,11783,0,1,11637,142,68,105132,74.0
8474052,2,6,6052,0,0,3,0,9,0,-4,2,0,1197,0,0,0,13,7,7249,10.0
8473504,7,14,49243,7,16,24,12,270,3000,-9,0,0,5748,1,3,7781,172,30,62772,73.0
8476445,1,2,5457,4,11,3,0,4,360,0,0,0,187,0,0,75,13,5,5719,11.0
8475177,13,104,55448,0,0,34,3,114,1800,-7,2,1,3851,0,0,5035,71,30,64334,51.0
8476411,0,4,826,0,0,1,0,1,120,-1,0,0,6,0,0,103,0,0,935,1.0
8470207,22,35,66197,24,55,47,22,118,2640,-15,6,6,10089,0,0,109,191,25,76395,69.0
8474125,14,176,78004,0,0,65,3,166,2040,12,1,0,1058,0,0,14105,48,29,93167,80.0
8471245,4,13,17507,152,337,12,8,38,1440,-1,1,1,814,0,1,1642,33,10,19963,23.0
8474673,27,130,98752,0,0,61,4,58,1200,0,6,1,8637,2,0,9557,104,48,116946,81.0
8474150,21,62,67210,628,1322,40,18,64,1920,4,6,5,8484,0,4,8827,178,63,84521,76.0
8469500,19,29,62073,88,191,42,26,26,1560,-13,8,6,11475,0,0,1466,191,30,75014,63.0
8477847,0,4,3293,0,0,1,0,17,120,-1,0,0,4,0,0,0,4,2,3297,6.0
8476452,4,17,11268,0,0,4,0,8,240,-3,0,0,2,0,0,28,3,2,11298,14.0
8477244,1,29,20022,0,0,6,0,20,120,-3,1,0,1022,0,0,1483,35,6,22527,21.0
8475728,4,19,20452,135,285,3,0,52,1140,0,0,0,336,0,0,1813,21,9,22601,28.0
8474641,18,50,63473,407,918,30,25,73,1200,3,5,7,9772,2,3,10166,137,50,83411,77.0
8475185,2,4,14333,83,168,5,1,15,240,0,0,0,89,0,1,1993,21,10,16415,27.0
8475199,22,20,51832,0,0,26,7,99,1320,-3,12,5,8743,0,0,351,124,12,60926,60.0
8474563,27,91,89943,0,0,82,10,180,3840,17,10,6,18228,1,0,12164,177,16,120335,78.0
8476871,4,9,15082,1,2,9,3,35,480,2,0,1,952,0,0,179,31,9,16213,25.0
8470803,16,41,65399,590,1223,20,8,73,3660,0,1,0,683,0,1,12747,115,49,78829,81.0
8475798,33,46,54125,415,789,24,8,38,1320,-3,10,2,9579,0,0,1784,104,27,65488,63.0
8474061,3,3,18223,1,3,2,2,85,3900,-5,0,0,141,0,0,0,24,7,18364,53.0
8469622,19,19,35917,1,3,21,7,82,1980,-10,5,3,5672,0,0,25,74,8,41614,43.0
8471719,1,3,8787,0,0,5,1,52,3780,-1,0,0,0,0,0,0,12,1,8787,33.0
8476459,17,28,49844,183,397,18,16,118,1080,-15,5,3,8154,0,0,1325,153,31,59323,69.0
8470120,20,30,62266,1,10,56,22,22,2520,1,6,6,13270,0,1,2112,210,49,77648,65.0
8473989,2,22,23134,3,3,11,2,103,7620,-8,0,0,169,0,0,17,30,6,23320,67.0
8474939,0,0,462,0,0,0,0,0,0,0,0,0,0,0,0,45,0,0,507,1.0
8476925,3,9,10113,70,144,2,1,9,240,0,0,0,2,0,0,715,13,6,10830,17.0
8475275,3,4,7188,0,0,7,0,11,300,0,0,0,0,0,0,688,5,1,7876,9.0
8470281,55,89,90480,0,0,70,6,36,1680,22,18,3,15063,1,0,11297,198,48,116840,79.0
8471769,22,157,89147,0,0,100,4,39,2040,11,0,0,555,3,1,13714,98,21,103416,81.0
8475323,20,70,54467,438,773,18,8,22,2160,6,0,0,552,1,0,12411,96,27,67430,81.0
8473604,40,20,71790,884,1544,30,28,29,2040,26,10,5,14463,2,3,7075,193,51,93328,76.0
8462129,12,55,39157,329,664,11,4,35,960,0,0,0,253,1,1,8899,50,14,48309,59.0
8476882,0,0,2239,13,25,1,0,1,0,0,0,0,298,0,0,0,4,4,2537,3.0
8460621,31,25,55234,5,14,36,18,59,600,2,14,4,13125,0,0,705,151,24,69064,68.0
8468509,41,154,84745,0,0,50,8,93,2640,0,20,5,16000,1,0,14498,110,25,115243,79.0
8477215,19,116,69537,0,0,36,4,64,1800,10,3,1,6160,0,1,8702,84,13,84399,65.0
8471309,25,23,46738,119,225,28,16,66,2400,6,10,7,9493,0,0,980,149,18,57211,54.0
8474717,5,38,40959,0,0,27,5,28,1680,10,0,1,872,0,0,1024,54,10,42855,49.0
8475174,9,99,70991,0,0,45,6,214,2700,0,1,0,602,0,0,12097,68,11,83690,68.0
8467967,9,29,43451,283,579,12,9,72,1920,2,0,0,462,0,1,6340,69,32,50253,57.0
8474184,4,46,41739,0,0,49,2,76,120,4,0,1,285,0,0,537,33,13,42561,51.0
8475309,2,4,9237,1,4,3,1,23,0,-1,0,0,0,0,0,1384,12,6,10621,22.0
8470647,7,15,28536,3,8,5,3,57,4740,-2,0,0,92,1,0,4923,60,15,33551,55.0
8475168,47,44,66023,532,1058,36,23,53,1140,8,12,5,11638,0,0,1135,217,40,78796,71.0
8466333,15,108,75842,2,3,55,3,135,3780,-18,2,0,1616,0,0,12260,77,13,89718,71.0
8471323,4,21,26487,2,6,18,2,74,2400,0,0,0,1474,0,0,2743,59,15,30704,52.0
8471222,6,168,70240,0,0,38,2,193,4680,-10,0,0,185,0,0,8982,41,13,79407,73.0
8475844,1,3,5193,0,0,3,1,9,0,-2,0,0,131,0,0,0,12,3,5324,8.0
8476468,3,17,19087,26,51,7,3,44,1080,-6,2,0,1521,0,0,7,46,11,20615,30.0
8468513,5,132,58377,0,0,36,0,73,1680,-13,0,0,192,1,0,8962,35,2,67531,69.0
8468482,16,30,55945,7,17,19,12,33,1080,-18,6,4,11591,0,0,37,110,21,67573,76.0
8475797,2,27,16125,0,0,12,0,42,2400,-2,0,0,146,0,0,2910,10,0,19181,22.0
8469473,14,43,58823,658,1233,21,11,119,2100,-7,2,0,3607,0,0,10061,117,21,72491,74.0
8469490,1,4,15158,2,3,4,4,69,6180,-3,0,0,137,0,0,45,46,4,15340,36.0
8475296,0,0,541,0,0,0,0,2,0,0,0,0,0,0,0,0,0,1,541,1.0
8470104,25,95,79936,0,0,32,3,59,1080,-5,4,2,9722,0,0,3816,93,16,93474,73.0
8474574,13,81,63229,0,0,41,9,107,3480,-26,6,3,9268,0,0,8966,99,18,81463,62.0
8473449,42,35,69485,97,204,39,27,43,3060,-9,10,5,16836,0,0,725,195,44,87046,71.0
8474519,1,16,12926,0,0,11,0,10,240,-4,0,0,198,0,0,1127,12,0,14251,13.0
8474616,3,3,3708,26,46,0,0,20,420,2,0,0,54,0,0,0,4,2,3762,9.0
8468635,10,54,34685,7,8,11,2,92,2940,2,0,0,320,1,0,9961,56,15,44966,65.0
8475184,20,18,53556,8,19,25,17,146,4320,14,6,6,8628,0,0,102,136,21,62286,66.0
8470309,0,10,6083,0,0,2,0,4,360,-7,0,0,820,0,0,131,8,0,7034,7.0
8470156,1,5,6647,10,20,1,0,23,420,-2,0,0,114,0,0,1004,5,1,7765,9.0
8475253,0,2,1796,0,0,0,0,11,0,-1,0,0,64,0,0,0,4,0,1860,3.0
8473558,2,5,8119,58,107,1,0,7,240,-2,0,0,2,0,0,1548,22,4,9669,18.0
8475157,0,2,1837,0,0,2,0,7,120,0,0,0,13,0,0,304,2,0,2154,4.0
8476887,4,2,7386,0,0,6,1,6,240,-8,3,1,1510,0,0,0,20,6,8896,13.0
8460626,3,50,39030,0,0,21,1,47,1740,-2,0,0,148,0,0,9527,24,12,48705,40.0
8471215,49,18,55663,303,621,58,23,27,3720,10,23,7,16468,0,0,94,191,37,72225,60.0
8474567,8,75,62936,0,0,47,3,94,2880,3,1,0,5314,0,0,7351,134,17,75601,55.0
8468501,8,91,43660,0,0,9,0,129,1200,3,0,0,194,1,0,12538,42,9,56392,56.0
8471676,25,30,59373,8,13,39,23,104,2700,7,3,6,10591,0,0,886,190,50,70850,70.0
8471703,20,18,45887,4,7,21,4,70,6360,1,3,3,6570,0,0,4,88,24,52461,62.0
8475770,4,13,19367,0,1,7,7,50,240,3,0,1,1137,0,1,1742,44,8,22246,29.0
8475800,0,0,958,0,0,0,0,2,120,0,0,0,386,0,0,0,4,0,1344,3.0
8471856,13,22,32677,200,320,12,1,89,1740,-1,1,0,150,0,0,2071,42,8,34898,53.0
8470622,3,5,16371,7,15,3,2,43,120,-7,2,1,1789,0,0,2107,53,8,20267,30.0
8474141,40,15,67441,4,8,23,29,16,1320,7,15,10,13687,0,0,58,227,44,81186,69.0
8475602,1,5,7259,50,97,3,2,9,0,3,0,0,50,0,0,3,15,3,7312,13.0
8475196,2,1,4699,1,1,3,0,13,120,-2,0,0,74,0,0,10,10,2,4783,11.0
8470318,10,46,51260,0,0,35,1,91,2040,2,0,0,1342,1,0,8588,66,14,61190,48.0
8471283,7,35,33989,65,125,15,6,92,7260,-1,1,0,528,1,0,5490,49,12,40007,52.0
8476465,10,58,44987,0,0,46,2,22,600,-9,2,1,7456,0,0,219,81,32,52662,48.0
8468598,8,26,23440,0,0,18,3,14,600,-1,5,2,5699,0,0,425,34,15,29564,24.0
8473565,6,86,42935,0,0,21,3,65,840,-14,0,0,243,1,0,7453,40,16,50631,47.0
8475690,11,136,67266,0,0,18,6,25,480,12,0,0,812,0,1,11551,65,17,79629,64.0
8470054,7,37,33259,0,0,18,2,58,2220,-7,2,0,1861,0,0,1627,29,7,36747,45.0
8469547,1,1,4610,0,0,0,0,27,300,-3,0,0,0,0,0,0,11,0,4610,11.0
8476855,13,23,45828,0,0,32,11,64,2160,-33,2,4,8242,0,0,37,122,18,54107,63.0
8475154,3,7,11805,12,23,5,0,46,1140,1,0,0,60,0,0,180,23,3,12045,32.0
8471241,4,46,27828,0,0,8,1,145,1680,9,1,0,216,0,0,3384,22,5,31428,34.0
8475260,0,4,3215,24,51,0,1,9,0,-1,0,0,118,0,0,0,4,1,3333,7.0
8475765,22,9,49921,2,6,20,21,22,960,20,2,5,6453,0,0,1892,136,32,58266,64.0
8471474,1,1,2442,19,38,0,0,0,0,2,0,0,37,0,0,0,4,1,2479,4.0
8469501,9,34,29128,20,33,8,2,108,3900,0,0,0,174,0,0,240,26,4,29542,55.0
8475755,1,5,4897,0,0,0,0,24,480,3,0,0,0,0,0,242,4,0,5139,7.0
8473514,2,18,22064,0,5,18,3,63,960,-16,0,1,1303,0,0,123,41,14,23490,42.0
8469639,7,35,39904,203,460,15,8,62,960,-7,2,1,4109,1,1,8777,75,20,52790,51.0
8474192,5,11,28664,2,4,11,2,85,660,-4,1,1,3003,0,0,45,61,6,31712,44.0
8470685,2,44,23471,0,0,10,0,11,480,-3,1,0,928,1,0,2789,21,1,27188,25.0
8476206,2,2,3784,15,42,1,0,4,300,4,0,0,143,0,0,0,6,2,3927,7.0
8475423,2,9,7444,0,1,1,1,30,0,1,0,0,25,0,0,16,11,2,7485,16.0
8466309,0,5,5401,0,0,0,0,3,240,-3,0,0,44,0,0,634,1,1,6079,8.0
8471762,1,6,6556,16,40,2,0,24,360,-3,1,0,64,0,0,1727,8,3,8347,18.0
8473546,14,25,45539,7,15,26,12,68,720,-10,0,0,1081,0,3,7882,137,54,54502,64.0
8475733,2,0,4815,2,9,1,0,1,120,1,0,0,258,0,0,64,7,3,5137,8.0
8476440,1,1,4237,28,54,2,2,3,0,2,0,0,592,0,1,246,9,2,5075,7.0
8474012,0,3,2761,9,21,0,1,8,0,-3,0,0,0,0,0,0,5,1,2761,9.0
8474048,1,15,8464,0,0,1,0,17,540,-3,0,0,0,0,0,377,6,0,8841,15.0
8468485,2,2,2739,2,4,1,3,9,420,4,0,0,369,0,0,0,9,1,3108,5.0
8471514,23,42,45375,348,579,26,7,27,900,-3,3,0,7626,1,1,4234,122,25,57235,62.0
8474597,0,7,2939,0,0,0,0,3,120,0,0,0,0,0,0,8,4,0,2947,5.0
8471708,0,1,1635,0,9,0,0,4,0,-1,0,0,0,0,0,0,2,0,1635,3.0
8473712,0,3,6483,1,1,3,0,24,4620,-2,0,0,0,0,0,7,4,0,6490,27.0
8474609,0,1,8834,10,26,0,1,16,240,0,0,0,406,0,0,0,16,1,9240,12.0
8473673,8,79,38826,0,0,12,1,61,1080,2,3,0,2909,0,0,5489,61,8,47224,48.0
8476799,0,0,1065,0,0,0,0,2,0,-2,0,0,0,0,0,0,2,0,1065,1.0
8469770,17,75,50366,0,0,39,4,62,1080,-15,2,2,8634,1,0,3634,102,13,62634,46.0
8476460,21,39,54197,331,785,22,13,63,840,9,3,1,7452,0,0,185,100,31,61834,63.0
8460720,2,6,8738,0,0,4,2,32,5280,0,0,0,57,0,0,51,21,1,8846,23.0
8477666,1,1,3503,0,0,0,1,5,120,0,0,0,0,0,0,144,7,1,3647,6.0
8470877,8,31,39037,38,73,13,9,102,600,1,0,2,5159,0,0,328,104,15,44524,48.0
8471767,0,5,8391,36,76,9,2,30,1260,0,0,0,247,0,1,918,14,5,9556,14.0
8475224,0,7,11801,1,3,1,3,23,1140,-6,0,0,32,0,0,1656,25,7,13489,26.0
8471842,6,21,25946,18,49,11,2,62,240,0,0,0,63,0,0,99,42,15,26108,37.0
8468083,32,15,44499,259,489,26,16,23,1200,19,14,3,9524,0,0,1470,151,28,55493,45.0
8466149,4,17,33841,12,22,6,4,51,1860,-11,0,0,4691,1,0,4833,64,12,43365,52.0
8476470,2,20,12315,0,0,13,0,7,480,6,0,0,1178,0,0,0,15,1,13493,17.0
8475183,0,7,4660,2,4,1,0,3,240,1,0,0,78,0,0,0,7,0,4738,8.0
8476062,14,23,30240,206,404,13,4,78,480,-7,2,1,2787,0,0,4054,70,18,37081,41.0
8477201,0,1,2797,18,37,1,1,7,1260,1,0,0,4,0,0,17,7,2,2818,9.0
8475722,1,11,15171,0,0,9,4,16,120,2,1,1,1044,0,0,149,40,9,16364,21.0
8475223,5,1,10518,55,124,7,0,2,0,0,1,0,1579,1,0,1007,8,7,13104,18.0
8475619,0,10,18049,4,12,1,2,77,2940,-3,0,0,49,0,0,15,18,6,18113,41.0
8477220,4,35,31190,0,0,21,2,18,360,4,0,0,320,0,0,1018,41,10,32528,29.0
8476205,1,3,6977,32,79,1,3,14,120,2,0,1,492,0,0,26,20,7,7495,12.0
8468101,3,9,11989,0,0,8,0,9,240,4,0,0,19,0,0,63,12,5,12071,13.0
8475166,42,19,60107,554,1129,56,24,23,2400,-6,17,8,14470,0,0,619,188,55,75196,59.0
8476423,5,5,14345,1,3,3,2,17,240,2,0,0,1291,0,0,34,27,6,15670,23.0
8474059,2,3,8924,0,1,2,0,4,360,-6,2,0,1580,0,0,0,10,2,10504,14.0
8475188,0,12,10302,0,0,5,0,25,360,1,0,0,1392,0,0,710,10,2,12404,12.0
8477493,16,27,46319,400,819,17,8,16,600,-3,3,3,8647,0,0,427,87,30,55393,54.0
8477227,0,10,7029,9,21,3,1,40,120,-2,0,0,22,0,0,0,17,2,7051,15.0
8475119,0,18,10555,34,90,2,0,57,720,-4,0,0,117,0,0,2281,14,4,12953,20.0
8475727,11,6,14577,59,145,3,0,10,360,0,6,0,2509,0,0,592,42,8,17678,23.0
8475902,0,0,1600,0,0,1,0,2,0,0,0,0,200,0,0,0,4,0,1800,2.0
8470662,2,20,16399,87,173,7,0,58,1800,-4,0,0,179,0,0,1219,22,2,17797,33.0
8468745,4,22,10507,0,0,2,0,40,1320,0,0,0,0,0,0,894,12,0,11401,19.0
8471717,5,42,25578,0,0,10,1,54,4140,12,0,0,45,0,0,3263,25,1,28886,30.0
8470839,3,38,30089,0,0,9,0,56,3480,-8,0,0,94,0,0,221,16,3,30404,45.0
8468518,8,19,37303,8,29,10,4,31,1080,0,0,0,4134,0,1,5267,95,17,46704,49.0
8475198,0,1,105,0,2,0,0,0,0,0,0,0,0,0,0,0,0,0,105,1.0
8474674,2,20,25697,126,269,19,0,63,900,-3,0,0,101,0,0,8112,41,22,33910,59.0
8471390,18,44,45422,215,419,7,10,23,360,9,0,0,4108,2,0,5050,91,22,54580,49.0
8476043,1,6,6962,63,137,3,0,14,240,-2,0,0,402,0,0,898,17,5,8262,13.0
8476798,0,0,776,0,0,0,0,3,120,1,0,0,0,0,0,5,1,0,781,2.0
8467463,2,3,12445,0,2,9,1,13,360,-4,2,0,3699,0,0,6,36,4,16150,26.0
8471428,0,1,274,0,0,0,0,0,0,0,0,0,0,0,0,0,1,0,274,1.0
8471832,0,0,575,3,4,0,0,1,120,-1,0,0,43,0,0,0,3,0,618,1.0
8468484,3,25,20012,0,0,4,1,41,1440,-3,0,0,67,0,0,3185,22,1,23264,25.0
8475159,0,1,1597,0,0,0,1,2,0,2,0,0,0,0,0,0,3,1,1597,3.0
8474576,3,2,6129,0,1,1,1,17,0,2,0,0,602,0,0,0,15,4,6731,11.0
8474638,0,1,2200,0,0,0,0,3,0,0,0,0,0,0,0,85,4,0,2285,3.0
8477850,1,0,888,0,0,0,0,1,0,3,0,0,120,0,0,158,0,0,1166,1.0
8467336,1,0,4843,0,3,2,0,13,1380,1,0,0,0,0,0,0,6,0,4843,13.0
8473942,5,16,16298,115,258,3,4,45,240,-3,1,0,672,0,0,455,24,4,17425,28.0
8476522,0,2,1098,0,0,0,0,6,120,-1,0,0,0,0,0,0,4,0,1098,2.0
8473682,1,7,5440,15,35,2,0,10,0,-4,0,0,261,0,0,266,9,2,5967,9.0
8475637,1,0,1560,0,0,0,0,2,120,1,0,0,100,0,0,0,5,2,1660,2.0
8471352,0,0,371,2,4,0,0,3,0,-1,0,0,0,0,0,58,1,0,429,1.0
8466215,7,24,23117,0,0,12,3,15,600,-7,2,0,3093,0,0,73,54,5,26283,25.0
8470189,0,2,681,1,2,0,0,1,0,0,0,0,0,0,0,0,3,0,681,2.0
8470065,0,1,2528,0,0,0,0,8,0,-3,0,0,0,0,0,0,4,0,2528,6.0
8471840,1,2,7234,37,73,2,1,35,540,-4,0,0,85,0,0,393,16,4,7712,17.0
8475671,0,5,7945,1,2,0,2,10,600,0,0,0,162,0,0,0,13,1,8107,14.0
8473600,0,0,523,0,0,0,0,1,0,0,0,0,0,0,0,0,0,0,523,2.0
8476779,0,2,2085,0,0,1,0,0,0,-3,0,0,183,0,0,0,1,1,2268,3.0
8473953,1,6,7959,2,3,3,0,6,120,-10,0,0,3,0,0,44,12,2,8006,14.0
8475878,0,3,6714,14,36,1,0,24,120,-5,0,0,62,0,0,37,13,3,6813,11.0
8474030,0,0,1051,0,1,1,0,3,0,-1,0,0,32,0,0,36,2,0,1119,2.0
8475757,0,2,3203,0,0,0,0,14,120,-2,0,0,4,0,0,0,7,1,3207,5.0
8476162,8,48,26595,0,0,12,2,46,3180,7,0,0,40,0,0,3591,27,8,30226,33.0
8474611,0,4,6871,0,0,10,0,11,420,1,0,0,39,0,0,562,9,3,7472,9.0
8476289,0,0,744,0,0,0,0,0,120,2,0,0,0,0,0,57,0,0,801,1.0
8477214,0,1,2599,0,0,0,0,1,0,-1,0,0,0,0,0,0,2,0,2599,3.0
8471280,0,5,5209,0,0,2,0,3,0,-4,0,0,31,0,0,0,10,5,5240,9.0
8470123,0,3,7071,0,0,1,3,32,1320,3,0,0,0,0,0,0,11,0,7071,24.0
8472368,1,10,13045,0,1,3,4,21,120,-3,0,0,370,0,0,0,17,4,13415,19.0
8474604,2,26,16515,0,0,7,1,14,600,-13,0,0,358,0,0,880,23,3,17753,20.0
8469626,0,7,4207,0,0,4,0,6,0,1,0,0,8,0,0,216,5,0,4431,10.0
8477082,1,0,1883,0,0,2,0,5,120,0,0,0,9,0,0,32,0,0,1924,3.0
8471680,0,1,2052,0,0,1,0,3,120,-1,0,0,28,0,0,0,3,1,2080,3.0
8474660,1,4,4894,0,0,1,1,0,0,1,0,0,903,0,0,24,10,1,5821,6.0
8475815,0,1,521,0,0,1,0,1,0,-1,0,0,0,0,0,0,0,0,521,1.0
8468162,0,9,7502,126,216,2,0,36,540,-5,0,0,47,0,0,1908,2,2,9457,18.0
8474582,0,2,8942,0,2,1,1,16,600,-8,0,0,47,0,0,32,9,4,9021,15.0
8469619,9,66,38728,0,0,16,1,61,600,11,0,0,921,0,0,4900,53,7,44549,34.0
8469798,1,1,913,0,0,0,0,0,0,1,0,0,9,0,0,55,0,0,977,1.0
8475208,1,8,5564,0,0,4,0,1,240,1,0,0,900,0,0,460,3,1,6924,6.0
8466393,13,29,36114,2,6,11,7,68,480,6,0,0,681,0,0,4617,97,12,41412,39.0
8475194,0,7,4358,0,0,4,0,5,0,-1,0,0,17,0,0,297,5,2,4672,5.0
8471331,1,4,7398,18,53,1,0,24,120,-5,0,0,36,0,0,936,3,5,8370,12.0
8476466,9,19,20238,0,0,13,2,22,360,-4,3,1,1741,0,0,35,30,9,22014,26.0
8475808,1,10,8874,42,98,1,0,34,120,0,0,0,59,0,0,139,6,5,9072,17.0
8475248,1,13,15186,0,0,10,1,25,1140,1,0,0,33,1,0,2308,16,5,17527,20.0
8475247,3,2,6728,60,115,2,1,14,720,0,0,0,87,0,0,1050,6,3,7865,17.0
8474683,2,11,8771,79,150,1,0,32,240,-3,0,0,11,0,0,2692,31,5,11474,20.0
8474697,0,13,8584,0,0,5,1,41,2880,-2,0,0,24,0,0,1207,6,0,9815,13.0
8476856,1,3,8391,0,0,5,1,9,120,-5,1,1,1287,0,0,32,12,2,9710,13.0
8475792,0,1,7164,25,52,1,1,9,240,-5,0,0,768,0,0,0,12,3,7932,11.0
8474201,0,2,5312,2,2,0,0,24,1200,-4,0,0,31,0,0,20,2,1,5363,13.0
8476819,0,8,7693,46,90,5,1,16,360,-1,0,0,62,0,0,62,13,3,7817,19.0
8475118,1,18,14463,0,0,10,1,5,360,-2,0,0,1100,0,0,39,27,1,15602,16.0
8470153,5,6,20818,3,5,15,4,7,720,-9,0,1,2610,0,0,4,51,10,23432,28.0
8471482,10,42,32512,0,0,22,2,51,1080,-5,2,0,2540,0,0,2939,42,9,37991,32.0
8471436,0,2,932,0,0,0,0,1,0,0,0,0,54,0,0,61,1,0,1047,1.0
8474744,1,1,2927,0,0,0,0,9,0,1,0,0,16,0,0,0,6,2,2943,6.0
8475254,0,0,786,3,8,1,0,3,0,0,0,0,0,0,0,34,1,1,820,2.0
8474850,0,1,1646,0,0,1,0,5,600,-1,0,0,0,0,0,0,3,0,1646,6.0
8475192,0,5,4982,0,0,2,0,4,360,-2,0,0,383,0,0,28,9,0,5393,7.0
8476888,1,5,11332,53,103,7,2,6,120,-3,1,0,1012,0,0,0,20,7,12344,18.0
8476480,0,1,2273,12,26,1,0,3,240,-1,0,0,0,0,0,0,4,1,2273,4.0
8474598,0,0,1227,0,0,0,0,1,0,-1,0,0,0,0,0,0,2,0,1227,3.0
8475321,1,2,6120,26,56,1,1,7,240,-3,0,0,40,0,0,0,15,0,6160,9.0
8469752,0,1,1610,1,4,0,0,3,0,0,0,0,0,0,0,0,1,0,1610,3.0
8474601,0,2,2210,0,0,0,0,5,0,-2,0,0,0,0,0,0,1,1,2210,3.0
8469483,0,3,3559,44,68,3,0,15,0,0,0,0,16,0,0,327,8,1,3902,6.0
8475749,0,1,862,0,0,0,0,1,0,-1,0,0,0,0,0,0,1,1,862,2.0
8475735,0,0,223,1,6,0,0,2,0,0,0,0,0,0,0,0,1,0,223,1.0
8467338,7,8,13107,1,3,10,4,8,240,7,2,0,2715,0,1,764,24,9,16586,16.0
8471760,0,0,163,0,0,0,0,0,300,0,0,0,0,0,0,0,0,0,163,1.0
8476227,0,0,480,0,1,0,0,1,0,0,0,0,0,0,0,0,0,0,480,1.0
8476166,0,3,2632,0,0,1,2,1,0,-1,0,0,0,0,0,298,6,1,2930,4.0
8477507,0,3,6720,0,0,5,1,25,240,-4,0,0,77,0,0,415,4,1,7212,7.0
8475332,0,0,1891,0,0,0,1,1,0,-1,0,0,148,0,0,27,2,0,2066,2.0
8469457,2,10,19564,184,357,10,2,4,720,-4,0,0,2323,1,0,1138,28,13,23025,26.0
8470232,1,0,1206,6,14,0,0,10,420,0,0,0,0,0,0,0,1,0,1206,4.0
8470280,1,2,3018,1,2,2,0,9,120,1,0,0,15,0,0,0,4,2,3033,7.0
8470366,0,1,524,2,3,0,0,1,0,0,0,0,69,0,0,0,0,0,593,1.0
8474077,0,2,428,0,0,0,0,0,0,0,0,0,0,0,0,58,0,0,486,1.0
8471220,2,1,6103,1,3,0,0,11,0,-1,1,0,289,0,0,460,9,3,6852,10.0
8472424,0,1,948,0,0,1,0,3,0,-2,0,0,143,0,0,112,0,0,1203,2.0
8475279,0,0,647,0,0,0,0,3,0,-3,0,0,0,0,0,0,0,1,647,1.0
8475283,2,3,2337,1,2,0,0,10,720,1,0,0,3,0,0,0,1,0,2340,7.0
8470268,1,9,5413,0,0,1,0,3,120,0,0,0,317,0,0,20,3,1,5750,7.0
8473927,0,1,1616,8,14,1,0,9,0,-1,0,0,1,0,0,242,2,1,1859,3.0
8475889,0,4,2003,1,2,0,0,2,0,0,0,0,2,0,0,284,2,0,2289,5.0
8476410,1,0,4072,0,1,1,1,5,0,0,0,0,58,0,0,11,4,2,4141,7.0
8471450,0,1,825,0,0,0,0,6,0,0,0,0,0,0,0,0,1,1,825,2.0
8471700,0,1,1385,0,0,0,1,7,1320,1,0,0,29,0,0,0,3,1,1414,6.0
8476304,1,2,2436,0,0,5,0,7,300,1,0,0,19,0,0,0,3,2,2455,5.0
8473932,0,0,452,1,1,0,0,1,0,-2,0,0,0,0,0,61,0,0,513,1.0
8465025,0,1,2630,0,0,2,0,8,840,-5,0,0,32,0,0,31,1,0,2693,6.0
8471388,0,1,2061,1,1,2,0,11,300,-1,0,0,0,0,0,442,0,0,2503,5.0
8475148,0,1,1612,0,0,0,0,1,120,2,0,0,62,0,0,47,1,0,1721,2.0
8475060,0,6,4427,0,0,9,0,5,0,0,0,0,1018,0,0,182,6,2,5627,7.0
8476467,0,14,6027,0,0,7,0,16,120,-3,0,0,391,0,0,1054,5,1,7472,7.0
8475795,0,1,843,0,0,0,0,2,420,-1,0,0,0,0,0,0,0,0,843,2.0
8474095,0,3,3373,2,6,1,0,10,240,0,0,0,2,0,0,504,4,1,3879,7.0
8474005,0,0,1460,0,0,0,2,1,120,3,0,0,0,0,0,1,2,0,1461,2.0
8473921,0,0,1412,0,0,2,0,2,0,1,0,0,49,0,0,0,2,0,1461,2.0
8467910,1,2,1787,0,0,0,0,7,0,-1,0,0,0,0,0,0,3,1,1787,2.0
8476451,0,0,2075,0,0,1,0,2,120,-2,0,0,0,0,0,0,4,1,2075,3.0
8475190,0,0,703,0,0,0,0,2,0,-1,0,0,0,0,0,0,1,0,703,2.0
8476805,0,0,316,0,0,0,0,1,0,-2,0,0,0,0,0,0,2,0,316,1.0
